,Base,Target,Look Back,Reg,%,Time,Results
0,Agricultura,Agricultura,1,48,0.431818181818,11.6884729862,"[[ 0.68753774]
 [ 0.90037844]
 [ 0.61447808]
 [ 0.99492661]
 [ 0.99957824]
 [ 0.        ]
 [ 0.        ]
 [ 0.67514581]
 [ 0.82084468]
 [ 0.82781716]
 [ 0.        ]
 [ 0.97350961]
 [ 0.77102731]
 [ 0.81715099]
 [ 0.89435286]
 [ 0.71843398]
 [ 0.88905147]
 [ 0.98740409]
 [ 0.97102761]
 [ 0.83387793]
 [ 0.        ]
 [ 0.87499086]
 [ 0.91637497]
 [ 0.56232593]
 [ 0.84451738]
 [ 0.93085066]
 [ 0.92745905]
 [ 0.9277033 ]
 [ 0.57521945]
 [ 0.78758618]
 [ 0.94769365]
 [ 0.34884366]
 [ 0.9061354 ]
 [ 0.94463418]
 [ 0.97027978]
 [ 0.85958792]
 [ 0.65339078]
 [ 0.83798716]
 [ 0.72205613]
 [ 0.97701013]
 [ 0.91824305]
 [ 0.9995085 ]
 [ 0.97078049]
 [ 0.96060422]]"
1,Agricultura,Agricultura,2,48,0.431818181818,13.2573390007,"[[ 0.17453267]
 [ 0.66077826]
 [ 0.39168816]
 [ 0.9379921 ]
 [ 0.30787031]
 [ 0.        ]
 [ 0.        ]
 [ 0.67746266]
 [ 0.4191045 ]
 [ 0.28997415]
 [ 0.38415374]
 [ 0.5954877 ]
 [ 0.80550071]
 [ 0.9555299 ]
 [ 0.95066483]
 [ 0.76322082]
 [ 0.15491511]
 [ 0.96782158]
 [ 0.94760856]
 [ 0.4482105 ]
 [ 0.17446803]
 [ 0.64736792]
 [ 0.97594096]
 [ 0.72875136]
 [ 0.9036189 ]
 [ 0.72963194]
 [ 0.64597065]
 [ 0.97255692]
 [ 0.5233165 ]
 [ 0.88116848]
 [ 0.97629551]
 [ 0.80590448]
 [ 0.97225113]
 [ 0.90487933]
 [ 0.9018336 ]
 [ 0.54305591]
 [ 0.55284014]
 [ 0.90273817]
 [ 0.99984782]
 [ 0.98815639]
 [ 0.99532866]
 [ 0.99049474]
 [ 0.9973768 ]
 [ 0.95016976]]"
2,Agricultura,Agricultura,3,48,0.340909090909,15.4104478359,"[[ 0.29187166]
 [ 0.58819009]
 [ 0.69600618]
 [ 0.98613813]
 [ 0.55062985]
 [ 0.        ]
 [ 0.        ]
 [ 0.48905245]
 [ 0.35813682]
 [ 0.12888341]
 [ 0.71920172]
 [ 0.77969686]
 [ 0.65858364]
 [ 0.61618298]
 [ 0.92429961]
 [ 0.8674542 ]
 [ 0.        ]
 [ 0.97827192]
 [ 0.92923957]
 [ 0.89928616]
 [ 0.37495434]
 [ 0.49995579]
 [ 0.80743813]
 [ 0.44482501]
 [ 0.82357748]
 [ 0.6127731 ]
 [ 0.96526089]
 [ 0.96666462]
 [ 0.66024792]
 [ 0.80923002]
 [ 0.94156006]
 [ 0.98809523]
 [ 0.74101678]
 [ 0.95773046]
 [ 0.63132948]
 [ 0.89775671]
 [ 0.60839162]
 [ 0.9827465 ]
 [ 0.94565455]
 [ 0.83023642]
 [ 0.99967132]
 [ 0.99370271]
 [ 0.9610466 ]
 [ 0.92291525]]"
3,Agricultura,Ambiente,1,96,0.333333333333,19.3097500801,"[[ 0.53920055]
 [ 0.89761976]
 [ 0.39338693]
 [ 0.63804945]
 [ 0.34857688]
 [ 0.        ]
 [ 0.73755111]
 [ 0.98581935]
 [ 0.9202927 ]
 [ 0.86306024]
 [ 0.97342044]
 [ 0.7713896 ]
 [ 0.94199731]
 [ 0.56248866]
 [ 0.77319559]
 [ 0.92606953]
 [ 0.45988659]
 [ 0.73081169]
 [ 0.91291086]
 [ 0.76329769]
 [ 0.49128042]
 [ 0.53130316]
 [ 0.        ]
 [ 0.8843388 ]
 [ 0.        ]
 [ 0.        ]
 [ 0.        ]
 [ 0.78824198]
 [ 0.78707961]
 [ 0.90263126]
 [ 0.66568652]
 [ 0.10652965]
 [ 0.98105393]
 [ 0.82288722]
 [ 0.70423668]
 [ 0.97201281]
 [ 0.91707971]
 [ 0.98597157]
 [ 0.99067249]
 [ 0.94646249]
 [ 0.65043519]
 [ 0.85397868]
 [ 0.67212522]
 [ 0.9180651 ]
 [ 0.80998183]
 [ 0.95336524]
 [ 0.86012051]
 [ 0.32410144]
 [ 0.24181548]
 [ 0.19098166]
 [ 0.87820959]
 [ 0.96359465]
 [ 0.9410531 ]
 [ 0.80456704]
 [ 0.99128427]
 [ 0.81943559]
 [ 0.71197798]
 [ 0.96251404]
 [ 0.94560717]
 [ 0.99972942]
 [ 0.70364735]
 [ 0.99784605]
 [ 0.85894869]
 [ 0.        ]
 [ 0.62915714]
 [ 0.76928272]
 [ 0.76882938]
 [ 0.99814132]
 [ 0.61933616]
 [ 0.7118171 ]
 [ 0.        ]
 [ 0.67245981]
 [ 0.98735597]
 [ 0.99875296]
 [ 0.        ]]"
4,Agricultura,Ambiente,2,96,0.32,20.1595678329,"[[ 0.90145709]
 [ 0.92784975]
 [ 0.77038856]
 [ 0.65096853]
 [ 0.        ]
 [ 0.32713458]
 [ 0.93728318]
 [ 0.88092901]
 [ 0.8556661 ]
 [ 0.62329005]
 [ 0.76701333]
 [ 0.62494129]
 [ 0.93824996]
 [ 0.77908146]
 [ 0.85868447]
 [ 0.65373752]
 [ 0.97779035]
 [ 0.6117179 ]
 [ 0.86232258]
 [ 0.60811328]
 [ 0.77647585]
 [ 0.0294154 ]
 [ 0.        ]
 [ 0.36470819]
 [ 0.30507896]
 [ 0.68219925]
 [ 0.        ]
 [ 0.9987949 ]
 [ 0.87142912]
 [ 0.67902259]
 [ 0.78543198]
 [ 0.42702109]
 [ 0.98965903]
 [ 0.97496058]
 [ 0.69077727]
 [ 0.93160578]
 [ 0.9976225 ]
 [ 0.95444671]
 [ 0.67481663]
 [ 0.79545754]
 [ 0.85631907]
 [ 0.75638482]
 [ 0.56203596]
 [ 0.98414187]
 [ 0.63184665]
 [ 0.7964954 ]
 [ 0.62561046]
 [ 0.50189668]
 [ 0.16588785]
 [ 0.        ]
 [ 0.86580881]
 [ 0.73990195]
 [ 0.78259448]
 [ 0.99834426]
 [ 0.97023058]
 [ 0.95167376]
 [ 0.74594642]
 [ 0.4678339 ]
 [ 0.93347476]
 [ 0.98501368]
 [ 0.84700694]
 [ 0.7648327 ]
 [ 0.9940851 ]
 [ 0.98431347]
 [ 0.99479197]
 [ 0.85227257]
 [ 0.92763837]
 [ 0.95621862]
 [ 0.20878792]
 [ 0.29690886]
 [ 0.1033162 ]
 [ 0.70297014]
 [ 0.9837247 ]
 [ 0.24154792]
 [ 0.99358159]]"
5,Agricultura,Ambiente,3,96,0.333333333333,21.9700679779,"[[ 0.63517259]
 [ 0.4890869 ]
 [ 0.73448915]
 [ 0.74648876]
 [ 0.39362878]
 [ 0.28967775]
 [ 0.91800506]
 [ 0.9736807 ]
 [ 0.87570369]
 [ 0.75340467]
 [ 0.91323578]
 [ 0.27669764]
 [ 0.93590777]
 [ 0.70870151]
 [ 0.82429899]
 [ 0.4790021 ]
 [ 0.78167224]
 [ 0.75255393]
 [ 0.98108836]
 [ 0.49628987]
 [ 0.84002849]
 [ 0.33714615]
 [ 0.        ]
 [ 0.        ]
 [ 0.        ]
 [ 0.        ]
 [ 0.54557862]
 [ 0.67336167]
 [ 0.92297014]
 [ 0.91255977]
 [ 0.79757938]
 [ 0.94017026]
 [ 0.98098263]
 [ 0.9867562 ]
 [ 0.50266294]
 [ 0.97737015]
 [ 0.87483048]
 [ 0.94694871]
 [ 0.40492183]
 [ 0.92284558]
 [ 0.96748348]
 [ 0.57545597]
 [ 0.78811222]
 [ 0.69818179]
 [ 0.89109762]
 [ 0.74427982]
 [ 0.73213868]
 [ 0.09289929]
 [ 0.09262821]
 [ 0.        ]
 [ 0.86703281]
 [ 0.8541586 ]
 [ 0.79078363]
 [ 0.99806585]
 [ 0.64322923]
 [ 0.98766784]
 [ 0.67815652]
 [ 0.90887646]
 [ 0.51308373]
 [ 0.90371957]
 [ 0.60900913]
 [ 0.9831067 ]
 [ 0.95102118]
 [ 0.19161996]
 [ 0.34534467]
 [ 0.94557063]
 [ 0.97042365]
 [ 0.80940972]
 [ 0.21162082]
 [ 0.99900474]
 [ 0.        ]
 [ 0.91246389]
 [ 0.93483682]
 [ 0.02262016]
 [ 0.        ]]"
6,Agricultura,Ayuda,1,71,0.151515151515,19.9317851067,"[[ 1.        ]
 [ 0.5290692 ]
 [ 0.79700381]
 [ 0.99617889]
 [ 0.97998469]
 [ 0.65981861]
 [ 0.67142671]
 [ 0.75335055]
 [ 0.94950868]
 [ 0.76596277]
 [ 0.82145187]
 [ 0.58985836]
 [ 0.40899235]
 [ 0.15676071]
 [ 0.55063178]
 [ 0.63002972]
 [ 0.93348357]
 [ 0.        ]
 [ 0.05615935]
 [ 0.52491832]
 [ 0.56811042]
 [ 0.        ]
 [ 0.70096356]
 [ 0.7258196 ]
 [ 0.23081031]
 [ 0.5722795 ]
 [ 0.00489683]
 [ 0.        ]
 [ 0.2781328 ]
 [ 0.6187331 ]
 [ 0.8689641 ]
 [ 0.06322714]
 [ 0.41762804]
 [ 0.12092937]
 [ 0.95480993]
 [ 0.        ]
 [ 0.        ]
 [ 0.54734907]
 [ 0.10127031]
 [ 0.35740857]
 [ 0.73912106]
 [ 0.49605793]
 [ 0.3316315 ]
 [ 0.        ]
 [ 0.99999995]
 [ 0.99525058]
 [ 0.84276161]
 [ 0.63255153]
 [ 0.60772549]
 [ 0.83704107]
 [ 0.        ]
 [ 0.        ]
 [ 0.36952749]
 [ 0.84365869]
 [ 0.99889144]
 [ 0.53116402]
 [ 0.        ]
 [ 0.38578446]
 [ 0.        ]
 [ 0.73836165]
 [ 0.50140733]
 [ 0.        ]
 [ 0.76341862]
 [ 0.75738933]
 [ 0.09097425]
 [ 0.96695402]]"
7,Agricultura,Ayuda,2,71,0.166666666667,21.595774889,"[[ 1.        ]
 [ 0.86643875]
 [ 0.18328508]
 [ 0.99473844]
 [ 0.92012694]
 [ 0.57167598]
 [ 0.88643062]
 [ 0.95619823]
 [ 0.6157623 ]
 [ 0.77409937]
 [ 0.54813724]
 [ 0.84953559]
 [ 0.86523807]
 [ 0.07951842]
 [ 0.70671217]
 [ 0.79074568]
 [ 0.97714456]
 [ 0.4042286 ]
 [ 0.50412637]
 [ 0.60710758]
 [ 0.32310833]
 [ 0.07489059]
 [ 0.8179843 ]
 [ 0.47745368]
 [ 0.        ]
 [ 0.54913314]
 [ 0.32840809]
 [ 0.10457112]
 [ 0.35873396]
 [ 0.54029128]
 [ 0.45789378]
 [ 0.        ]
 [ 0.46150437]
 [ 0.56161876]
 [ 0.93603757]
 [ 0.25925926]
 [ 0.        ]
 [ 0.48371371]
 [ 0.68573547]
 [ 0.66860235]
 [ 0.81799322]
 [ 0.50208408]
 [ 0.69838824]
 [ 0.2185567 ]
 [ 0.7603735 ]
 [ 0.9625533 ]
 [ 0.74629332]
 [ 0.74064018]
 [ 0.47921073]
 [ 0.79771532]
 [ 0.39615777]
 [ 0.42380596]
 [ 0.61793473]
 [ 0.92320011]
 [ 0.91490775]
 [ 0.75438595]
 [ 0.61951579]
 [ 0.19627736]
 [ 0.        ]
 [ 0.71671204]
 [ 0.1910531 ]
 [ 0.3242011 ]
 [ 0.96665457]
 [ 0.87116401]
 [ 0.00711167]
 [ 0.95269956]]"
8,Agricultura,Ayuda,3,71,0.0757575757576,24.5776338577,"[[ 1.        ]
 [ 0.81686976]
 [ 0.44011456]
 [ 0.83585662]
 [ 0.8975221 ]
 [ 0.76965223]
 [ 0.84898749]
 [ 0.53802453]
 [ 0.74734551]
 [ 0.71821601]
 [ 0.63371279]
 [ 0.92988326]
 [ 0.13458476]
 [ 0.0989266 ]
 [ 0.54059124]
 [ 0.79215927]
 [ 0.60277624]
 [ 0.2486495 ]
 [ 0.69376816]
 [ 0.45299474]
 [ 0.27043163]
 [ 0.13354576]
 [ 0.64512934]
 [ 0.54260076]
 [ 0.        ]
 [ 0.61097356]
 [ 0.11909707]
 [ 0.        ]
 [ 0.48252231]
 [ 0.66094251]
 [ 0.78718633]
 [ 0.        ]
 [ 0.21179358]
 [ 0.        ]
 [ 0.        ]
 [ 0.15333333]
 [ 0.39067314]
 [ 0.46580916]
 [ 0.        ]
 [ 0.7458242 ]
 [ 0.74214382]
 [ 0.44988289]
 [ 0.49399111]
 [ 0.        ]
 [ 0.90602976]
 [ 0.70463229]
 [ 0.5967346 ]
 [ 0.76605115]
 [ 0.70372486]
 [ 0.79992873]
 [ 0.277484  ]
 [ 0.50281118]
 [ 0.66147196]
 [ 0.63941385]
 [ 0.99973342]
 [ 0.59774296]
 [ 0.38374102]
 [ 0.14123944]
 [ 0.        ]
 [ 0.59714786]
 [ 0.        ]
 [ 0.59294754]
 [ 0.31873926]
 [ 0.86622271]
 [ 0.36463651]
 [ 0.93105916]]"
9,Agricultura,Ciencia,1,13,0.307692307692,5.5919508934,"[[ 0.75763265]
 [ 0.68413181]
 [ 0.        ]
 [ 0.5365938 ]
 [ 0.74856139]
 [ 0.99378097]
 [ 0.91451429]
 [ 0.94704521]
 [ 0.79149446]
 [ 0.70362623]
 [ 0.94026623]
 [ 0.50242662]
 [ 0.89158198]]"
10,Agricultura,Ciencia,2,13,0.461538461538,5.83925008774,"[[ 0.87141239]
 [ 0.43310938]
 [ 0.36087605]
 [ 0.43582925]
 [ 0.82619343]
 [ 0.95384159]
 [ 0.94099224]
 [ 0.95414246]
 [ 0.99880753]
 [ 0.7258114 ]
 [ 0.911054  ]
 [ 0.76387988]
 [ 0.95131271]]"
11,Agricultura,Ciencia,3,13,0.153846153846,8.40715909004,"[[ 0.6434818 ]
 [ 0.99175799]
 [ 0.45547605]
 [ 0.47604595]
 [ 0.88456362]
 [ 0.92915202]
 [ 0.87358099]
 [ 0.54309086]
 [ 0.33391995]
 [ 0.78024266]
 [ 0.77096315]
 [ 0.59362266]
 [ 0.74866678]]"
12,Agricultura,Clima,1,67,0.563636363636,11.3264539242,"[[ 0.39274333]
 [ 0.        ]
 [ 0.45574605]
 [ 0.92137821]
 [ 0.81727646]
 [ 0.36681848]
 [ 0.95348946]
 [ 0.99464802]
 [ 0.99714791]
 [ 0.98213412]
 [ 0.97955765]
 [ 0.94158676]
 [ 0.39008702]
 [ 0.87785272]
 [ 0.75297374]
 [ 0.95408163]
 [ 1.        ]
 [ 0.        ]
 [ 0.        ]
 [ 0.73948915]
 [ 0.95732854]
 [ 0.77508269]
 [ 0.86529703]
 [ 0.90966426]
 [ 0.99024863]
 [ 0.91217549]
 [ 0.96301079]
 [ 0.83242086]
 [ 0.99560561]
 [ 0.96892514]
 [ 0.63092654]
 [ 0.70524932]
 [ 0.48316701]
 [ 0.9711717 ]
 [ 0.98876757]
 [ 0.99086664]
 [ 0.99900491]
 [ 0.99415031]
 [ 0.7624967 ]
 [ 0.98749403]
 [ 0.9404068 ]
 [ 0.9804778 ]
 [ 0.94785977]
 [ 0.99023378]
 [ 0.99755159]
 [ 0.99361297]
 [ 0.66578833]
 [ 0.95966236]
 [ 0.36110226]
 [ 0.99866657]
 [ 0.5727803 ]
 [ 0.        ]
 [ 0.31856014]
 [ 0.80957937]
 [ 0.97664096]]"
13,Agricultura,Clima,2,67,0.472727272727,15.5334880352,"[[ 0.31226508]
 [ 0.        ]
 [ 0.        ]
 [ 0.97728933]
 [ 0.98579534]
 [ 0.9530513 ]
 [ 0.99606632]
 [ 0.98579814]
 [ 0.98945661]
 [ 0.93836377]
 [ 0.90034938]
 [ 0.65613762]
 [ 0.75307908]
 [ 0.23979518]
 [ 0.7689124 ]
 [ 0.95561036]
 [ 0.        ]
 [ 0.        ]
 [ 0.36692796]
 [ 0.93449622]
 [ 0.98215224]
 [ 0.71749237]
 [ 0.92622189]
 [ 0.98233024]
 [ 0.90648472]
 [ 0.7558477 ]
 [ 0.95035084]
 [ 0.87765602]
 [ 0.98388075]
 [ 0.92895675]
 [ 0.55195634]
 [ 0.91097669]
 [ 0.        ]
 [ 0.93578714]
 [ 0.97119669]
 [ 0.52538666]
 [ 0.86544797]
 [ 0.98641054]
 [ 0.99979159]
 [ 0.63904466]
 [ 0.95008095]
 [ 0.78331924]
 [ 0.56119626]
 [ 0.62478378]
 [ 0.52214365]
 [ 0.1826241 ]
 [ 0.8856868 ]
 [ 0.97012061]
 [ 0.85414606]
 [ 0.99314238]
 [ 0.80725328]
 [ 0.03592465]
 [ 0.1190289 ]
 [ 0.6765729 ]
 [ 0.98201057]]"
14,Agricultura,Clima,3,67,0.436363636364,16.8085181713,"[[ 0.50322088]
 [ 0.        ]
 [ 0.6400408 ]
 [ 0.89719909]
 [ 0.86319847]
 [ 0.93739128]
 [ 0.99629044]
 [ 0.99264852]
 [ 0.9816828 ]
 [ 0.99620208]
 [ 0.95320154]
 [ 0.99331495]
 [ 0.85176729]
 [ 0.76841912]
 [ 0.87574353]
 [ 0.92045455]
 [ 1.        ]
 [ 0.05882353]
 [ 0.        ]
 [ 0.3732936 ]
 [ 0.99513683]
 [ 0.59619025]
 [ 0.72816754]
 [ 0.96902965]
 [ 0.95433405]
 [ 0.79969562]
 [ 0.73939962]
 [ 0.6077006 ]
 [ 0.99432644]
 [ 0.94545049]
 [ 0.64953166]
 [ 0.96681706]
 [ 0.13029621]
 [ 0.91432492]
 [ 0.87922589]
 [ 0.75019292]
 [ 0.93508186]
 [ 0.50926781]
 [ 0.91998521]
 [ 0.42259998]
 [ 0.95554837]
 [ 0.76543093]
 [ 0.20546149]
 [ 0.7647137 ]
 [ 0.91349648]
 [ 0.        ]
 [ 0.92190691]
 [ 0.92423838]
 [ 0.5397784 ]
 [ 0.99679948]
 [ 0.26406887]
 [ 0.33813315]
 [ 0.61712001]
 [ 0.83968923]
 [ 0.93825079]]"
15,Agricultura,Comercio,1,142,0.262411347518,37.820029974,"[[ 0.02626634]
 [ 0.65347251]
 [ 0.22680361]
 [ 0.85379766]
 [ 0.46899649]
 [ 0.31156322]
 [ 0.83937451]
 [ 0.92995981]
 [ 0.9926391 ]
 [ 0.74767448]
 [ 0.65945691]
 [ 0.80568821]
 [ 0.80520921]
 [ 0.58656327]
 [ 0.46344548]
 [ 0.70182612]
 [ 0.64218357]
 [ 0.93727854]
 [ 0.72473982]
 [ 0.93579767]
 [ 0.73647355]
 [ 0.73327395]
 [ 0.92808611]
 [ 0.95401292]
 [ 0.92568569]
 [ 0.95908458]
 [ 0.        ]
 [ 0.92248355]
 [ 0.91688359]
 [ 0.90267605]
 [ 0.86546789]
 [ 0.76104302]
 [ 0.7669561 ]
 [ 0.84612803]
 [ 0.91807838]
 [ 0.69380866]
 [ 0.94509834]
 [ 0.84414106]
 [ 0.5965618 ]
 [ 0.91325835]
 [ 0.55729274]
 [ 0.91927714]
 [ 0.42730504]
 [ 0.98793243]
 [ 0.69503348]
 [ 0.86911066]
 [ 0.89219472]
 [ 0.93681983]
 [ 0.01744895]
 [ 0.96030524]
 [ 0.9196895 ]
 [ 0.93769513]
 [ 0.75436082]
 [ 0.72816969]
 [ 0.54942381]
 [ 0.48046004]
 [ 0.57099114]
 [ 0.62396432]
 [ 0.93181751]
 [ 0.86319411]
 [ 0.84954715]
 [ 0.88729145]
 [ 0.91805419]
 [ 0.96082303]
 [ 0.74486197]
 [ 0.94905433]
 [ 0.        ]
 [ 0.0368658 ]
 [ 0.16336529]
 [ 0.01416138]
 [ 0.        ]
 [ 0.26400474]
 [ 0.07807014]
 [ 0.16928392]
 [ 0.67579795]
 [ 0.57114742]
 [ 0.91762494]
 [ 0.96425014]
 [ 0.92684803]
 [ 0.88049973]
 [ 0.32919287]
 [ 0.60918963]
 [ 0.88481159]
 [ 0.01387867]
 [ 0.89023067]
 [ 0.34511374]
 [ 0.19449672]
 [ 0.64004419]
 [ 0.93313803]
 [ 0.51258086]
 [ 0.80465525]
 [ 0.89758952]
 [ 0.70899057]
 [ 0.94423721]
 [ 0.78585541]
 [ 0.84697069]
 [ 0.54192575]
 [ 0.90398064]
 [ 0.50539714]
 [ 0.17598996]
 [ 0.8092035 ]
 [ 0.90247669]
 [ 0.95910777]
 [ 0.35076978]
 [ 0.77721536]
 [ 0.80666761]
 [ 0.60061819]
 [ 0.53677779]
 [ 0.85846383]
 [ 0.63326352]
 [ 0.50085398]
 [ 0.71640213]
 [ 0.6991229 ]
 [ 0.535471  ]
 [ 0.31681831]
 [ 0.28652781]
 [ 0.56899848]
 [ 0.64800794]
 [ 0.75828242]
 [ 0.79107602]
 [ 0.77138413]
 [ 0.58875913]
 [ 0.51735113]
 [ 0.65795376]
 [ 0.6242794 ]
 [ 0.81843566]
 [ 0.83098374]
 [ 0.78059263]
 [ 0.39741739]
 [ 0.        ]
 [ 0.93297944]
 [ 0.70509379]
 [ 0.90068295]
 [ 0.91358069]
 [ 0.93507846]
 [ 0.71935889]
 [ 0.6446859 ]
 [ 0.82917196]
 [ 0.95748679]
 [ 0.68417576]
 [ 0.73437378]]"
16,Agricultura,Comercio,2,142,0.234042553191,42.0850498676,"[[ 0.45835302]
 [ 0.43148056]
 [ 0.15123624]
 [ 0.9978097 ]
 [ 0.13966342]
 [ 0.93890359]
 [ 0.99671156]
 [ 0.65270454]
 [ 0.46120391]
 [ 0.34072995]
 [ 0.91749506]
 [ 0.92468472]
 [ 0.83263753]
 [ 0.51117705]
 [ 0.76133616]
 [ 0.86352228]
 [ 0.83466754]
 [ 0.93863791]
 [ 0.50158031]
 [ 0.75041516]
 [ 0.98200515]
 [ 0.41376816]
 [ 0.4550819 ]
 [ 0.94526589]
 [ 0.8677837 ]
 [ 0.96585998]
 [ 0.09737882]
 [ 0.94805596]
 [ 0.94163109]
 [ 0.9264955 ]
 [ 0.80310249]
 [ 0.39564917]
 [ 0.82149282]
 [ 0.79617965]
 [ 0.82073382]
 [ 0.50627825]
 [ 0.91078396]
 [ 0.96896321]
 [ 0.3701484 ]
 [ 0.82581329]
 [ 0.72247652]
 [ 0.35087464]
 [ 0.885516  ]
 [ 0.15429854]
 [ 0.71829619]
 [ 0.78323857]
 [ 0.93020243]
 [ 0.72338611]
 [ 0.35308601]
 [ 0.86116034]
 [ 0.91055295]
 [ 0.94056923]
 [ 0.46397556]
 [ 0.86135377]
 [ 0.69271307]
 [ 0.58451255]
 [ 0.68765844]
 [ 0.54363886]
 [ 0.92336816]
 [ 0.92770686]
 [ 0.87193567]
 [ 0.97354981]
 [ 0.97396451]
 [ 0.91487298]
 [ 0.50533251]
 [ 0.97552719]
 [ 0.        ]
 [ 0.        ]
 [ 0.21754255]
 [ 0.43181396]
 [ 0.14566454]
 [ 0.        ]
 [ 0.30232941]
 [ 0.64769644]
 [ 0.43163479]
 [ 0.78440238]
 [ 0.75578244]
 [ 0.93310862]
 [ 0.819696  ]
 [ 0.65480727]
 [ 0.14715371]
 [ 0.49717851]
 [ 0.54186847]
 [ 0.36202586]
 [ 0.81867234]
 [ 0.61973295]
 [ 0.099335  ]
 [ 0.9121816 ]
 [ 0.82953657]
 [ 0.81018086]
 [ 0.90703723]
 [ 0.92880117]
 [ 0.53205442]
 [ 0.71036007]
 [ 0.77041196]
 [ 0.86351602]
 [ 0.57457107]
 [ 0.93871402]
 [ 0.16737839]
 [ 0.        ]
 [ 0.61165645]
 [ 0.59738978]
 [ 0.93542577]
 [ 0.78570001]
 [ 0.8043759 ]
 [ 0.49871168]
 [ 0.49512718]
 [ 0.91885767]
 [ 0.51841106]
 [ 0.9090244 ]
 [ 0.36494012]
 [ 0.75199743]
 [ 0.66061605]
 [ 0.38973677]
 [ 0.92999927]
 [ 0.42186543]
 [ 0.40362774]
 [ 0.46620278]
 [ 0.66808958]
 [ 0.62286608]
 [ 0.64421345]
 [ 0.77036106]
 [ 0.53733991]
 [ 0.69046078]
 [ 0.78922541]
 [ 0.9403961 ]
 [ 0.83621918]
 [ 0.71067895]
 [ 0.49279165]
 [ 0.        ]
 [ 0.69869842]
 [ 0.71540661]
 [ 0.85270129]
 [ 0.87009253]
 [ 0.4311359 ]
 [ 0.64856735]
 [ 0.77162559]
 [ 0.51128527]
 [ 0.65384537]
 [ 0.77249184]
 [ 0.81762647]]"
17,Agricultura,Comercio,3,142,0.234042553191,39.9446508884,"[[ 0.        ]
 [ 0.29673006]
 [ 0.        ]
 [ 0.99484065]
 [ 0.99691079]
 [ 0.94338824]
 [ 0.76026951]
 [ 0.7119652 ]
 [ 0.7114882 ]
 [ 0.93805904]
 [ 0.79539622]
 [ 0.67957442]
 [ 0.66046344]
 [ 0.68160609]
 [ 0.71535716]
 [ 0.59406633]
 [ 0.67545844]
 [ 0.87163452]
 [ 0.80415094]
 [ 0.96648045]
 [ 0.98132676]
 [ 0.73095503]
 [ 0.80519596]
 [ 0.93721295]
 [ 0.63233449]
 [ 0.74852318]
 [ 0.13998293]
 [ 0.96872284]
 [ 0.9057687 ]
 [ 0.98312254]
 [ 0.784772  ]
 [ 0.82191626]
 [ 0.43379411]
 [ 0.9131625 ]
 [ 0.60266959]
 [ 0.70389751]
 [ 0.9489566 ]
 [ 0.91602508]
 [ 0.51362773]
 [ 0.99056706]
 [ 0.39015977]
 [ 0.70214808]
 [ 0.793389  ]
 [ 0.52111394]
 [ 0.75484595]
 [ 0.83105778]
 [ 0.79792261]
 [ 0.91434894]
 [ 0.22462963]
 [ 0.93900919]
 [ 0.94887005]
 [ 0.74759411]
 [ 0.86348158]
 [ 0.53959131]
 [ 0.72305489]
 [ 0.57740899]
 [ 0.53345928]
 [ 0.92650919]
 [ 0.92607077]
 [ 0.58634887]
 [ 0.99587423]
 [ 0.9770563 ]
 [ 0.82346322]
 [ 0.92793748]
 [ 0.93556322]
 [ 0.9612273 ]
 [ 0.8060732 ]
 [ 0.        ]
 [ 0.        ]
 [ 0.19430168]
 [ 0.        ]
 [ 0.0947976 ]
 [ 0.43948449]
 [ 0.        ]
 [ 0.35217717]
 [ 0.90983772]
 [ 0.72784252]
 [ 0.96687318]
 [ 0.98484776]
 [ 0.56596429]
 [ 0.6763516 ]
 [ 0.57549619]
 [ 0.63225331]
 [ 0.54165839]
 [ 0.62697711]
 [ 0.72157248]
 [ 0.03901835]
 [ 0.73386033]
 [ 0.85452232]
 [ 0.69272068]
 [ 0.78990454]
 [ 0.95706834]
 [ 0.60361458]
 [ 0.72640159]
 [ 0.82526338]
 [ 0.8738773 ]
 [ 0.60835203]
 [ 0.96069736]
 [ 0.4881461 ]
 [ 0.2365578 ]
 [ 0.8305158 ]
 [ 0.63973243]
 [ 0.90169883]
 [ 0.43710372]
 [ 0.81494649]
 [ 0.85918043]
 [ 0.68142131]
 [ 0.96584292]
 [ 0.79638006]
 [ 0.94552851]
 [ 0.82493602]
 [ 0.59184699]
 [ 0.52858024]
 [ 0.53476205]
 [ 0.87666387]
 [ 0.99407937]
 [ 0.80794116]
 [ 0.74637997]
 [ 0.54790038]
 [ 0.71334192]
 [ 0.6386726 ]
 [ 0.73491226]
 [ 0.20071539]
 [ 0.68894578]
 [ 0.67376023]
 [ 0.87630074]
 [ 0.785038  ]
 [ 0.62578139]
 [ 0.49360918]
 [ 0.34173549]
 [ 0.57666579]
 [ 0.59673741]
 [ 0.85681009]
 [ 0.86807448]
 [ 0.41615828]
 [ 0.72998572]
 [ 0.30863034]
 [ 0.61062263]
 [ 0.6389136 ]
 [ 0.76627238]
 [ 0.88000456]]"
18,Agricultura,Deuda,1,229,0.241071428571,61.0323019028,"[[ 0.        ]
 [ 0.20786464]
 [ 0.19779179]
 [ 0.02498818]
 [ 0.02104472]
 [ 0.66147583]
 [ 0.1470674 ]
 [ 0.14234749]
 [ 0.        ]
 [ 0.41253442]
 [ 0.16570731]
 [ 0.4619984 ]
 [ 0.96119049]
 [ 0.43881354]
 [ 0.        ]
 [ 0.50373447]
 [ 0.7792056 ]
 [ 0.83134186]
 [ 0.91810386]
 [ 0.77773271]
 [ 0.62590981]
 [ 0.7572259 ]
 [ 0.87934638]
 [ 0.42419217]
 [ 0.64397887]
 [ 0.7723638 ]
 [ 0.        ]
 [ 0.40274556]
 [ 0.59027869]
 [ 0.51715376]
 [ 0.        ]
 [ 1.        ]
 [ 0.02515583]
 [ 0.4726537 ]
 [ 0.44238785]
 [ 0.80547135]
 [ 0.77990064]
 [ 0.94563618]
 [ 0.        ]
 [ 0.        ]
 [ 0.85398878]
 [ 0.39393041]
 [ 0.80945695]
 [ 0.84574528]
 [ 1.        ]
 [ 0.8887453 ]
 [ 0.9313961 ]
 [ 0.90870256]
 [ 0.76537701]
 [ 0.97240165]
 [ 0.76795304]
 [ 0.96141839]
 [ 0.89763438]
 [ 0.97399299]
 [ 0.88566038]
 [ 0.77464381]
 [ 0.93831487]
 [ 0.74471001]
 [ 0.9661432 ]
 [ 0.85420637]
 [ 0.85859422]
 [ 0.        ]
 [ 0.        ]
 [ 0.23534433]
 [ 0.5847261 ]
 [ 0.90298859]
 [ 0.95299354]
 [ 0.92785752]
 [ 0.99862937]
 [ 0.60477845]
 [ 0.30592134]
 [ 0.        ]
 [ 0.90366567]
 [ 0.3987267 ]
 [ 0.98295794]
 [ 0.84788182]
 [ 0.98371244]
 [ 0.95144283]
 [ 0.75453428]
 [ 0.        ]
 [ 0.00876476]
 [ 1.        ]
 [ 0.35195623]
 [ 0.48218062]
 [ 0.86548432]
 [ 0.46901116]
 [ 0.62427632]
 [ 0.        ]
 [ 0.50028684]
 [ 0.66454157]
 [ 0.51696988]
 [ 0.        ]
 [ 0.88583551]
 [ 0.62564749]
 [ 0.00857228]
 [ 0.74051417]
 [ 0.74000846]
 [ 0.56398213]
 [ 0.91405293]
 [ 0.7060457 ]
 [ 0.        ]
 [ 0.52904392]
 [ 0.48735651]
 [ 0.65620495]
 [ 0.77194228]
 [ 0.        ]
 [ 0.        ]
 [ 0.82576618]
 [ 0.35340563]
 [ 0.87711755]
 [ 0.96801649]
 [ 0.1113431 ]
 [ 0.        ]
 [ 0.88043084]
 [ 0.90421308]
 [ 0.80223973]
 [ 0.97129874]
 [ 0.91961668]
 [ 0.8929945 ]
 [ 0.        ]
 [ 0.94538824]
 [ 0.47095042]
 [ 0.32468344]
 [ 0.9013541 ]
 [ 0.59269267]
 [ 0.5969979 ]
 [ 0.74744543]
 [ 0.33006717]
 [ 0.74067594]
 [ 0.95323436]
 [ 0.97976607]
 [ 0.54701211]
 [ 0.06261377]
 [ 0.70701118]
 [ 0.61034714]
 [ 0.64064472]
 [ 0.91318736]
 [ 0.        ]
 [ 0.69026094]
 [ 0.66756893]
 [ 0.64661302]
 [ 0.80507713]
 [ 0.97799142]
 [ 0.47348538]
 [ 0.        ]
 [ 0.72601322]
 [ 0.0699765 ]
 [ 0.96905641]
 [ 0.98764492]
 [ 0.96298416]
 [ 0.67398315]
 [ 0.43140989]
 [ 0.88435871]
 [ 0.66188234]
 [ 0.99310613]
 [ 0.74751001]
 [ 0.58686813]
 [ 0.        ]
 [ 0.        ]
 [ 0.90685297]
 [ 0.68131728]
 [ 0.66022991]
 [ 0.98751341]
 [ 0.91758435]
 [ 0.28983913]
 [ 0.47025297]
 [ 0.59955113]
 [ 0.75939323]
 [ 0.63842604]
 [ 0.34094769]
 [ 0.51241165]
 [ 0.25180063]
 [ 0.44159391]
 [ 0.54838207]
 [ 0.97741425]
 [ 0.9552139 ]
 [ 0.42345847]
 [ 0.28108957]
 [ 0.47775242]
 [ 0.97132606]
 [ 0.        ]
 [ 0.05925229]
 [ 0.99141933]
 [ 0.        ]
 [ 0.70028789]
 [ 0.66715499]
 [ 0.69019998]
 [ 0.97398091]
 [ 0.92250884]
 [ 0.99727684]
 [ 0.42187717]
 [ 0.        ]
 [ 0.9390093 ]
 [ 0.91786053]
 [ 0.02558021]
 [ 0.69880985]
 [ 0.91706747]
 [ 0.88018964]
 [ 0.68010358]
 [ 0.67536773]
 [ 0.93943084]
 [ 0.99564531]
 [ 0.62002255]
 [ 0.        ]
 [ 0.68265431]
 [ 0.96326513]
 [ 0.94981656]
 [ 0.58968101]
 [ 0.        ]
 [ 0.40445733]
 [ 0.        ]
 [ 0.67415865]
 [ 0.74241005]
 [ 0.7743929 ]
 [ 0.1995803 ]
 [ 0.41258986]
 [ 0.6347739 ]
 [ 0.9255126 ]
 [ 0.8308185 ]
 [ 0.        ]
 [ 0.5059516 ]
 [ 0.60422306]
 [ 0.84628802]
 [ 0.84421995]]"
19,Agricultura,Deuda,2,229,0.254464285714,59.6027710438,"[[ 0.25298567]
 [ 0.        ]
 [ 0.3036028 ]
 [ 0.19771077]
 [ 0.37715675]
 [ 0.31127362]
 [ 0.2984921 ]
 [ 0.30541035]
 [ 0.11804393]
 [ 0.32242456]
 [ 0.36155022]
 [ 0.25584257]
 [ 0.28054426]
 [ 0.56832939]
 [ 0.75844353]
 [ 0.46095171]
 [ 0.80055927]
 [ 0.80317272]
 [ 0.81080456]
 [ 0.98044899]
 [ 0.50390444]
 [ 0.86443565]
 [ 0.95430217]
 [ 0.78072544]
 [ 0.69145099]
 [ 0.7732691 ]
 [ 0.81106387]
 [ 0.55629258]
 [ 0.68359063]
 [ 0.90321083]
 [ 0.20377237]
 [ 1.        ]
 [ 0.        ]
 [ 0.76460905]
 [ 0.72036148]
 [ 0.98839592]
 [ 0.71978584]
 [ 0.93647068]
 [ 0.        ]
 [ 0.        ]
 [ 0.68931706]
 [ 0.96548028]
 [ 0.78883955]
 [ 0.9664067 ]
 [ 1.        ]
 [ 0.90294834]
 [ 0.691558  ]
 [ 0.90091719]
 [ 0.91347774]
 [ 0.97029858]
 [ 0.98361766]
 [ 0.99059298]
 [ 0.9440842 ]
 [ 0.98142692]
 [ 0.55146262]
 [ 0.        ]
 [ 0.9546591 ]
 [ 0.4741955 ]
 [ 0.63279416]
 [ 0.70152326]
 [ 0.93166395]
 [ 0.83393881]
 [ 0.        ]
 [ 0.93184988]
 [ 0.01057845]
 [ 0.        ]
 [ 0.69460382]
 [ 0.9488031 ]
 [ 0.        ]
 [ 0.99879439]
 [ 0.80527706]
 [ 0.        ]
 [ 0.79799995]
 [ 0.71092517]
 [ 0.98881544]
 [ 0.52281703]
 [ 0.9951969 ]
 [ 0.9759084 ]
 [ 0.98661581]
 [ 0.0053861 ]
 [ 0.42159644]
 [ 1.        ]
 [ 0.85540481]
 [ 0.76828986]
 [ 0.87006396]
 [ 0.65813912]
 [ 0.        ]
 [ 0.        ]
 [ 0.        ]
 [ 0.66419204]
 [ 0.2948722 ]
 [ 0.1328086 ]
 [ 0.70966942]
 [ 0.71608787]
 [ 0.35876376]
 [ 0.0801666 ]
 [ 0.15148476]
 [ 0.77948799]
 [ 0.        ]
 [ 0.60322993]
 [ 0.14336868]
 [ 0.39640491]
 [ 0.67648302]
 [ 0.71642824]
 [ 0.        ]
 [ 0.37582276]
 [ 0.37524089]
 [ 0.55937678]
 [ 0.55379898]
 [ 0.96750814]
 [ 0.94555185]
 [ 0.98097871]
 [ 0.30103312]
 [ 0.58082523]
 [ 0.63577616]
 [ 0.        ]
 [ 0.98312066]
 [ 0.97925235]
 [ 0.6537678 ]
 [ 0.61644084]
 [ 0.486601  ]
 [ 0.65872893]
 [ 0.83014401]
 [ 0.77738915]
 [ 0.94636563]
 [ 0.28674721]
 [ 0.85018808]
 [ 0.2174434 ]
 [ 0.49067351]
 [ 0.53210451]
 [ 0.92760508]
 [ 0.66031864]
 [ 0.13690185]
 [ 0.59567408]
 [ 0.11514674]
 [ 0.89643996]
 [ 0.80090119]
 [ 0.        ]
 [ 0.86551171]
 [ 0.91304433]
 [ 0.31529222]
 [ 0.93820993]
 [ 0.72823553]
 [ 0.        ]
 [ 0.23526762]
 [ 0.76964657]
 [ 0.90608735]
 [ 0.81188931]
 [ 0.97736622]
 [ 0.92401306]
 [ 0.        ]
 [ 0.11226934]
 [ 0.91112982]
 [ 0.92821946]
 [ 0.6946688 ]
 [ 0.82918762]
 [ 0.55756559]
 [ 0.56861842]
 [ 0.16529211]
 [ 0.868085  ]
 [ 0.5586348 ]
 [ 0.69787004]
 [ 0.97652523]
 [ 0.7956313 ]
 [ 0.07121995]
 [ 0.54897799]
 [ 0.39456854]
 [ 0.67214955]
 [ 0.84756815]
 [ 0.        ]
 [ 0.17164141]
 [ 0.8003885 ]
 [ 0.90638685]
 [ 0.46252493]
 [ 0.86114378]
 [ 0.90266493]
 [ 0.45711197]
 [ 0.        ]
 [ 0.66392903]
 [ 0.98904655]
 [ 0.        ]
 [ 0.06816332]
 [ 0.97546025]
 [ 0.        ]
 [ 0.32567281]
 [ 0.99133849]
 [ 0.98175623]
 [ 0.        ]
 [ 0.97326777]
 [ 0.31797636]
 [ 0.72232343]
 [ 0.74438229]
 [ 0.79363347]
 [ 0.97473734]
 [ 0.06155366]
 [ 0.32602582]
 [ 0.987032  ]
 [ 0.98694297]
 [ 0.9144612 ]
 [ 0.86268251]
 [ 0.45225584]
 [ 0.99383222]
 [ 0.19284735]
 [ 0.        ]
 [ 0.55594201]
 [ 0.98768927]
 [ 0.88933463]
 [ 0.4304756 ]
 [ 0.00323758]
 [ 0.        ]
 [ 0.        ]
 [ 0.8508159 ]
 [ 0.58446965]
 [ 0.27071277]
 [ 0.3721692 ]
 [ 0.32595639]
 [ 0.32326272]
 [ 0.97190453]
 [ 0.21198273]
 [ 0.57549685]
 [ 0.52384381]
 [ 0.29395694]
 [ 0.92265316]
 [ 0.78976133]]"
20,Agricultura,Deuda,3,229,0.196428571429,67.039290905,"[[ 0.35975198]
 [ 0.20045499]
 [ 0.44158342]
 [ 0.29693151]
 [ 0.        ]
 [ 0.49533948]
 [ 0.27620735]
 [ 0.07618148]
 [ 0.        ]
 [ 0.4191998 ]
 [ 0.24481134]
 [ 0.17646892]
 [ 0.        ]
 [ 0.43783373]
 [ 0.43868314]
 [ 0.01392481]
 [ 0.72693861]
 [ 0.51656449]
 [ 0.86925093]
 [ 0.8260855 ]
 [ 0.44066912]
 [ 0.94685181]
 [ 0.93013045]
 [ 0.55451061]
 [ 0.72546939]
 [ 0.5062827 ]
 [ 0.63166196]
 [ 0.70521189]
 [ 0.5388221 ]
 [ 0.94404716]
 [ 0.20797703]
 [ 1.        ]
 [ 0.15106885]
 [ 0.57670809]
 [ 0.41187586]
 [ 0.9615157 ]
 [ 0.66791914]
 [ 0.85243036]
 [ 0.17093037]
 [ 0.        ]
 [ 0.74161649]
 [ 0.82903692]
 [ 0.97283468]
 [ 0.92049597]
 [ 1.        ]
 [ 0.93901484]
 [ 0.72768052]
 [ 0.5544873 ]
 [ 0.8502051 ]
 [ 0.93998917]
 [ 0.77201736]
 [ 0.98521033]
 [ 0.7929378 ]
 [ 0.96236609]
 [ 0.67690825]
 [ 0.92357243]
 [ 0.86863746]
 [ 0.44096043]
 [ 0.54441837]
 [ 0.71413631]
 [ 0.93080922]
 [ 0.69559261]
 [ 0.06823794]
 [ 0.        ]
 [ 0.78816979]
 [ 0.97187683]
 [ 0.6549961 ]
 [ 0.85071107]
 [ 0.99214121]
 [ 0.588599  ]
 [ 0.98648221]
 [ 0.        ]
 [ 0.59079878]
 [ 0.53962091]
 [ 0.99084045]
 [ 0.90894238]
 [ 0.96479064]
 [ 0.79607688]
 [ 0.82942158]
 [ 0.07901764]
 [ 0.99999905]
 [ 1.        ]
 [ 0.94846202]
 [ 0.59056612]
 [ 0.45973789]
 [ 0.78454848]
 [ 0.74808257]
 [ 0.        ]
 [ 0.42024349]
 [ 0.        ]
 [ 0.01570556]
 [ 0.01102026]
 [ 0.71015755]
 [ 0.        ]
 [ 0.27089446]
 [ 0.        ]
 [ 0.05715137]
 [ 0.91282635]
 [ 0.49957095]
 [ 0.55234778]
 [ 0.03021187]
 [ 0.74598372]
 [ 0.89279084]
 [ 0.61519227]
 [ 0.96496495]
 [ 0.        ]
 [ 0.39843098]
 [ 0.56086742]
 [ 0.65301821]
 [ 0.82960998]
 [ 0.97381063]
 [ 0.52860194]
 [ 0.50690387]
 [ 0.7663196 ]
 [ 0.87027125]
 [ 0.96395127]
 [ 0.56460852]
 [ 0.84714063]
 [ 0.62819143]
 [ 0.80815986]
 [ 0.79325555]
 [ 0.        ]
 [ 0.44596397]
 [ 0.83506798]
 [ 0.8750103 ]
 [ 0.8240872 ]
 [ 0.47696573]
 [ 0.53437857]
 [ 0.62269262]
 [ 0.25822119]
 [ 0.42503481]
 [ 0.55766497]
 [ 0.02091586]
 [ 0.81974832]
 [ 0.13070914]
 [ 0.87044659]
 [ 0.84698571]
 [ 0.42615493]
 [ 0.74783028]
 [ 0.45427602]
 [ 0.3265086 ]
 [ 0.88344349]
 [ 0.64338379]
 [ 0.03809871]
 [ 0.        ]
 [ 0.18812492]
 [ 0.        ]
 [ 0.77656515]
 [ 0.45825097]
 [ 0.72698492]
 [ 0.44991144]
 [ 0.57725589]
 [ 0.86589967]
 [ 0.81589981]
 [ 0.28405777]
 [ 0.91437997]
 [ 0.46643353]
 [ 0.42526307]
 [ 0.33418479]
 [ 0.86266172]
 [ 0.30984345]
 [ 0.40244983]
 [ 0.83226194]
 [ 0.90671607]
 [ 0.24090238]
 [ 0.24700656]
 [ 0.56814498]
 [ 0.63310586]
 [ 0.72654468]
 [ 0.29695351]
 [ 0.24303797]
 [ 0.34469542]
 [ 0.48869223]
 [ 0.45395295]
 [ 0.86365914]
 [ 0.96769562]
 [ 0.39428526]
 [ 0.33970752]
 [ 0.68100489]
 [ 0.96548378]
 [ 0.4402634 ]
 [ 0.45504714]
 [ 0.98884619]
 [ 0.        ]
 [ 0.92052345]
 [ 0.9477526 ]
 [ 0.54039813]
 [ 0.85225598]
 [ 0.61216823]
 [ 0.30090637]
 [ 0.63050925]
 [ 0.        ]
 [ 0.94703284]
 [ 0.73169774]
 [ 0.36430162]
 [ 0.93459607]
 [ 0.91411339]
 [ 0.9205009 ]
 [ 0.99964578]
 [ 0.77744872]
 [ 0.99805847]
 [ 0.99068067]
 [ 0.428529  ]
 [ 0.51241795]
 [ 0.93571764]
 [ 0.93004042]
 [ 0.81914222]
 [ 0.36574076]
 [ 0.        ]
 [ 0.        ]
 [ 0.        ]
 [ 0.37049336]
 [ 0.57974739]
 [ 0.3956454 ]
 [ 0.73045439]
 [ 0.37664623]
 [ 0.45741103]
 [ 0.95254702]
 [ 0.08165984]
 [ 0.        ]
 [ 0.72977526]
 [ 0.36376802]
 [ 0.72705421]
 [ 0.67025208]]"
21,Agricultura,Economia,1,258,0.408,56.7316749096,"[[  8.79948390e-01]
 [  4.64687837e-01]
 [  3.17117211e-01]
 [  9.91087826e-01]
 [  9.81942347e-01]
 [  3.41841274e-04]
 [  9.83178092e-01]
 [  9.25360199e-01]
 [  5.35543010e-01]
 [  4.56688767e-01]
 [  0.00000000e+00]
 [  0.00000000e+00]
 [  9.41167547e-01]
 [  9.79924563e-01]
 [  6.49739792e-01]
 [  7.72125123e-01]
 [  9.58479764e-01]
 [  9.20600558e-01]
 [  5.22063583e-01]
 [  9.50183513e-01]
 [  4.05769909e-01]
 [  8.60609184e-01]
 [  9.08409639e-01]
 [  8.50287132e-01]
 [  5.30910487e-01]
 [  9.99294003e-01]
 [  7.29390475e-01]
 [  3.84276940e-01]
 [  6.23899374e-01]
 [  1.52274279e-01]
 [  0.00000000e+00]
 [  9.94173525e-01]
 [  9.63265705e-01]
 [  7.47296759e-01]
 [  7.47786720e-01]
 [  0.00000000e+00]
 [  1.28541183e-01]
 [  8.52813400e-01]
 [  9.44995017e-01]
 [  9.41848848e-01]
 [  8.23714339e-01]
 [  6.58136082e-01]
 [  7.27331040e-01]
 [  6.07282219e-01]
 [  8.44571174e-01]
 [  9.79048838e-01]
 [  0.00000000e+00]
 [  0.00000000e+00]
 [  7.03579554e-01]
 [  9.92834585e-01]
 [  8.36704519e-01]
 [  8.20547744e-01]
 [  0.00000000e+00]
 [  7.78085864e-01]
 [  9.97416245e-01]
 [  9.93551224e-01]
 [  9.05773306e-01]
 [  8.42605327e-01]
 [  8.61102968e-01]
 [  6.47725942e-01]
 [  7.21019295e-01]
 [  3.62813990e-01]
 [  9.07627394e-01]
 [  8.19803010e-01]
 [  9.21065572e-01]
 [  9.27229875e-01]
 [  9.95027906e-01]
 [  4.93633733e-01]
 [  7.35828076e-01]
 [  9.34479751e-01]
 [  0.00000000e+00]
 [  9.09156055e-01]
 [  9.80161158e-01]
 [  3.18217583e-01]
 [  8.10106789e-01]
 [  7.20542646e-01]
 [  2.88029015e-01]
 [  5.09561251e-01]
 [  6.99684490e-01]
 [  9.86519975e-01]
 [  9.42622536e-01]
 [  9.96227624e-01]
 [  8.02212771e-01]
 [  4.24917435e-01]
 [  9.43341002e-01]
 [  9.73500084e-01]
 [  3.18141751e-01]
 [  9.80619288e-01]
 [  5.13547664e-01]
 [  6.03524213e-01]
 [  9.17355266e-01]
 [  1.79559620e-01]
 [  9.75243480e-01]
 [  9.68912018e-01]
 [  9.33315621e-01]
 [  9.30675360e-01]
 [  9.24305216e-01]
 [  9.95910355e-01]
 [  4.79704479e-01]
 [  9.32827544e-01]
 [  0.00000000e+00]
 [  9.41402165e-01]
 [  9.80272436e-01]
 [  6.20325200e-01]
 [  1.48422436e-01]
 [  9.35275743e-01]
 [  8.04568838e-01]
 [  9.61652973e-01]
 [  7.15032454e-01]
 [  9.82959179e-01]
 [  9.95553179e-01]
 [  8.24506981e-01]
 [  3.02451366e-01]
 [  8.13261728e-01]
 [  9.96076469e-01]
 [  9.83249513e-01]
 [  9.56386042e-01]
 [  8.72494046e-01]
 [  8.26694121e-01]
 [  5.88972562e-01]
 [  6.52665770e-01]
 [  0.00000000e+00]
 [  9.53987153e-01]
 [  9.20867600e-01]
 [  0.00000000e+00]
 [  9.71552354e-01]
 [  9.98124074e-01]
 [  8.09956410e-01]
 [  9.08707012e-01]
 [  9.39085846e-01]
 [  7.13116369e-01]
 [  0.00000000e+00]
 [  5.56203719e-02]
 [  9.76548854e-01]
 [  9.88706267e-01]
 [  9.20949354e-01]
 [  8.48213106e-01]
 [  4.67849181e-01]
 [  8.48658465e-01]
 [  8.48654922e-01]
 [  9.95307515e-01]
 [  9.18423417e-01]
 [  6.94692871e-01]
 [  7.32943176e-01]
 [  6.38583451e-01]
 [  8.83102132e-01]
 [  9.61556183e-01]
 [  9.50434666e-01]
 [  9.62129422e-01]
 [  0.00000000e+00]
 [  9.19881226e-01]
 [  2.88622616e-01]
 [  2.28083382e-01]
 [  9.73917049e-01]
 [  9.94676889e-01]
 [  9.24020293e-01]
 [  5.67035078e-01]
 [  9.82877021e-01]
 [  0.00000000e+00]
 [  9.85224352e-01]
 [  9.93593195e-01]
 [  7.42982543e-01]
 [  4.00120426e-01]
 [  7.88640265e-01]
 [  9.87180801e-01]
 [  7.86138293e-01]
 [  7.45226590e-01]
 [  8.78477668e-01]
 [  7.92900546e-01]
 [  8.61315990e-01]
 [  9.45823166e-01]
 [  1.52877757e-01]
 [  9.49006470e-01]
 [  8.06528208e-01]
 [  8.92400777e-01]
 [  9.00287176e-01]
 [  7.06179596e-01]
 [  9.04629670e-01]
 [  0.00000000e+00]
 [  9.93210285e-01]
 [  9.80268042e-01]
 [  9.80387044e-01]
 [  8.58230796e-01]
 [  0.00000000e+00]
 [  3.51599357e-01]
 [  6.95620361e-01]
 [  6.37226364e-01]
 [  7.32810732e-01]
 [  7.64277428e-01]
 [  9.75136488e-01]
 [  9.38466368e-01]
 [  0.00000000e+00]
 [  9.93882444e-01]
 [  9.99059095e-01]
 [  9.82501387e-01]
 [  6.84858734e-01]
 [  8.87072806e-01]
 [  3.39715488e-01]
 [  7.33945455e-01]
 [  8.46473854e-01]
 [  8.15697930e-01]
 [  3.62537961e-01]
 [  4.90780963e-01]
 [  1.83334592e-01]
 [  8.55509004e-01]
 [  9.06146876e-01]
 [  8.19638865e-01]
 [  6.73663456e-01]
 [  9.39480810e-01]
 [  9.92388106e-01]
 [  9.99394694e-01]
 [  9.58592209e-01]
 [  9.61058916e-01]
 [  8.00459080e-01]
 [  5.77954900e-01]
 [  7.59015525e-01]
 [  5.90702571e-01]
 [  5.65070925e-01]
 [  8.81742560e-01]
 [  9.25855745e-01]
 [  9.21811428e-01]
 [  6.86394494e-01]
 [  0.00000000e+00]
 [  0.00000000e+00]
 [  9.99529013e-01]
 [  9.66669182e-01]
 [  9.99803864e-01]
 [  8.26490031e-01]
 [  8.96060739e-01]
 [  9.14594438e-01]
 [  6.90687463e-01]
 [  4.18633320e-01]
 [  9.17951393e-01]
 [  7.59276113e-01]
 [  8.00804111e-01]
 [  8.24243656e-01]
 [  9.80859477e-01]
 [  9.74042262e-01]
 [  2.22863390e-01]
 [  8.69036636e-01]
 [  9.31129460e-01]
 [  9.45029955e-01]
 [  7.81470348e-01]
 [  7.03797817e-01]
 [  6.22283608e-01]
 [  9.20228652e-01]
 [  1.42268506e-01]
 [  6.11470008e-01]
 [  5.20717009e-01]
 [  3.93016603e-01]]"
22,Agricultura,Economia,2,258,0.308,65.1192851067,"[[ 0.90861389]
 [ 0.96208199]
 [ 0.21352095]
 [ 0.96745439]
 [ 0.61627396]
 [ 0.39629763]
 [ 0.7937171 ]
 [ 0.86055084]
 [ 0.58188352]
 [ 0.54012421]
 [ 0.58844063]
 [ 0.08385134]
 [ 0.59867982]
 [ 0.91058526]
 [ 0.8341168 ]
 [ 0.75723159]
 [ 0.66111499]
 [ 0.3357722 ]
 [ 0.93730814]
 [ 0.88586564]
 [ 0.56481324]
 [ 0.90325452]
 [ 0.56012305]
 [ 0.81426837]
 [ 0.66979101]
 [ 0.76495123]
 [ 0.82984388]
 [ 0.88231816]
 [ 0.13532406]
 [ 0.26399151]
 [ 0.        ]
 [ 0.96028792]
 [ 0.59791698]
 [ 0.53319797]
 [ 0.81162771]
 [ 0.        ]
 [ 0.32743617]
 [ 0.        ]
 [ 0.55103108]
 [ 0.49816275]
 [ 0.        ]
 [ 0.73009826]
 [ 0.83553582]
 [ 0.69328127]
 [ 0.40343785]
 [ 0.95225123]
 [ 0.2676368 ]
 [ 0.        ]
 [ 0.76501776]
 [ 0.85655336]
 [ 0.87085518]
 [ 0.92292082]
 [ 0.        ]
 [ 0.22089823]
 [ 0.99919855]
 [ 0.72083979]
 [ 0.93306004]
 [ 0.91880803]
 [ 0.89094989]
 [ 0.56814257]
 [ 0.34301414]
 [ 0.87150809]
 [ 0.88392544]
 [ 0.80881121]
 [ 0.79665202]
 [ 0.79431819]
 [ 0.97608805]
 [ 0.97569707]
 [ 0.44884502]
 [ 0.70388318]
 [ 0.16071041]
 [ 0.98954459]
 [ 0.84112167]
 [ 0.98016282]
 [ 0.83504652]
 [ 0.85903582]
 [ 0.71651899]
 [ 0.67076913]
 [ 0.78745359]
 [ 0.99642731]
 [ 0.79615295]
 [ 0.99971433]
 [ 0.98909117]
 [ 0.91249393]
 [ 0.81231314]
 [ 0.66981004]
 [ 0.28699255]
 [ 0.9531428 ]
 [ 0.92261015]
 [ 0.82475483]
 [ 0.98163962]
 [ 0.43095368]
 [ 0.98106943]
 [ 0.95240967]
 [ 0.65174614]
 [ 0.5224607 ]
 [ 0.98978434]
 [ 0.99774436]
 [ 0.92312247]
 [ 0.33991502]
 [ 0.05496909]
 [ 0.98994762]
 [ 0.99744214]
 [ 0.79492431]
 [ 0.49300576]
 [ 0.87682349]
 [ 0.90394174]
 [ 0.98248107]
 [ 0.82465887]
 [ 0.15789402]
 [ 0.71649476]
 [ 0.91451228]
 [ 0.21939268]
 [ 0.32351629]
 [ 0.99370997]
 [ 0.91480772]
 [ 0.53807332]
 [ 0.93318782]
 [ 0.92234529]
 [ 0.79833163]
 [ 0.71266775]
 [ 0.16937202]
 [ 0.88782569]
 [ 0.9734916 ]
 [ 0.82436369]
 [ 0.49777571]
 [ 0.99552802]
 [ 0.8741761 ]
 [ 0.61685138]
 [ 0.93848063]
 [ 0.62322267]
 [ 0.25573376]
 [ 0.40445025]
 [ 0.71102687]
 [ 0.54417638]
 [ 0.88337239]
 [ 0.45271076]
 [ 0.31995026]
 [ 0.73007525]
 [ 0.99048436]
 [ 0.84848941]
 [ 0.96361821]
 [ 0.96750754]
 [ 0.32552487]
 [ 0.78266705]
 [ 0.81227548]
 [ 0.90144016]
 [ 0.82026366]
 [ 0.48116964]
 [ 0.89002637]
 [ 0.7857136 ]
 [ 0.71171294]
 [ 0.        ]
 [ 0.3485597 ]
 [ 0.43715307]
 [ 0.85987184]
 [ 0.98096485]
 [ 0.93012036]
 [ 0.09309871]
 [ 0.33469895]
 [ 0.98205002]
 [ 0.91293062]
 [ 0.34633053]
 [ 0.73177452]
 [ 0.99123671]
 [ 0.97159882]
 [ 0.63845726]
 [ 0.78155216]
 [ 0.90961388]
 [ 0.77764231]
 [ 0.9170531 ]
 [ 0.41132621]
 [ 0.86721518]
 [ 0.96393882]
 [ 0.97491572]
 [ 0.95695911]
 [ 0.97700276]
 [ 0.98470601]
 [ 0.22238976]
 [ 0.71588309]
 [ 0.7291463 ]
 [ 0.57531013]
 [ 0.72214818]
 [ 0.09352714]
 [ 0.5578389 ]
 [ 0.61631731]
 [ 0.79095703]
 [ 0.46632222]
 [ 0.8611846 ]
 [ 0.82865267]
 [ 0.91851319]
 [ 0.        ]
 [ 0.99146663]
 [ 0.99963309]
 [ 0.95503372]
 [ 0.97742001]
 [ 0.89954044]
 [ 0.8480155 ]
 [ 0.        ]
 [ 0.98857565]
 [ 0.67754347]
 [ 0.93808787]
 [ 0.63228687]
 [ 0.84618451]
 [ 0.85202235]
 [ 0.88268907]
 [ 0.82352048]
 [ 0.65726077]
 [ 0.88961118]
 [ 0.98633372]
 [ 0.02340692]
 [ 0.93633669]
 [ 0.94852849]
 [ 0.60929736]
 [ 0.14192827]
 [ 0.18103432]
 [ 0.48954177]
 [ 0.60992933]
 [ 0.86803707]
 [ 0.93963878]
 [ 0.96621591]
 [ 0.94152891]
 [ 0.54967171]
 [ 0.27303726]
 [ 0.94196376]
 [ 0.5262963 ]
 [ 0.99246544]
 [ 0.86967706]
 [ 0.94045549]
 [ 0.88108086]
 [ 0.89730841]
 [ 0.65169464]
 [ 0.84591584]
 [ 0.95511575]
 [ 0.79474396]
 [ 0.68579568]
 [ 0.85614488]
 [ 0.78791623]
 [ 0.21326421]
 [ 0.54573324]
 [ 0.99430197]
 [ 0.96391999]
 [ 0.54023798]
 [ 0.19604396]
 [ 0.58285307]
 [ 0.9024829 ]
 [ 0.81939746]
 [ 0.7774222 ]
 [ 0.73792643]
 [ 0.60744041]]"
23,Agricultura,Economia,3,258,0.336,65.1593279839,"[[ 0.43521635]
 [ 0.9682755 ]
 [ 0.        ]
 [ 0.62051814]
 [ 0.92992492]
 [ 0.02581446]
 [ 0.95748558]
 [ 0.94848594]
 [ 0.64856959]
 [ 0.59631085]
 [ 0.14267086]
 [ 0.        ]
 [ 0.47210894]
 [ 0.89893108]
 [ 0.76831444]
 [ 0.61554746]
 [ 0.73420543]
 [ 0.91774074]
 [ 0.92136873]
 [ 0.67460044]
 [ 0.81611032]
 [ 0.75218813]
 [ 0.69031254]
 [ 0.94259185]
 [ 0.61086823]
 [ 0.        ]
 [ 0.81395287]
 [ 0.60146696]
 [ 0.58870511]
 [ 0.14934292]
 [ 0.        ]
 [ 0.9422659 ]
 [ 0.93342795]
 [ 0.57395252]
 [ 0.92230201]
 [ 0.96991952]
 [ 0.68632132]
 [ 0.35688806]
 [ 0.58225034]
 [ 0.80633662]
 [ 0.93478145]
 [ 0.52454483]
 [ 0.5859653 ]
 [ 0.78978695]
 [ 0.49492431]
 [ 0.22400906]
 [ 0.42798497]
 [ 0.        ]
 [ 0.72780087]
 [ 0.92097723]
 [ 0.91820661]
 [ 0.89301073]
 [ 0.        ]
 [ 0.89711047]
 [ 0.91419053]
 [ 0.9369448 ]
 [ 0.9469063 ]
 [ 0.8491594 ]
 [ 0.83947782]
 [ 0.97046645]
 [ 0.69137449]
 [ 0.64004057]
 [ 0.81469046]
 [ 0.84738482]
 [ 0.4534844 ]
 [ 0.32608714]
 [ 0.99699212]
 [ 0.26467973]
 [ 0.72402054]
 [ 0.92778352]
 [ 0.05125998]
 [ 0.69726603]
 [ 0.9848602 ]
 [ 0.85160766]
 [ 0.97721129]
 [ 0.88621323]
 [ 0.91429801]
 [ 0.66425916]
 [ 0.66351551]
 [ 0.96025142]
 [ 0.37303537]
 [ 0.2207044 ]
 [ 0.54871279]
 [ 0.68200669]
 [ 0.96212271]
 [ 0.48768366]
 [ 0.61046901]
 [ 0.97810087]
 [ 0.9970307 ]
 [ 0.95952454]
 [ 0.95449856]
 [ 0.21432307]
 [ 0.88729055]
 [ 0.8645282 ]
 [ 0.5370932 ]
 [ 0.80024661]
 [ 0.99500295]
 [ 0.94691158]
 [ 0.92757123]
 [ 0.93150484]
 [ 0.43884886]
 [ 0.98472091]
 [ 0.8097867 ]
 [ 0.37934904]
 [ 0.        ]
 [ 0.92426196]
 [ 0.90013922]
 [ 0.97111188]
 [ 0.8543416 ]
 [ 0.199714  ]
 [ 0.77431368]
 [ 0.73529908]
 [ 0.        ]
 [ 0.29268261]
 [ 0.99582985]
 [ 0.91158958]
 [ 0.51562891]
 [ 0.90781542]
 [ 0.93225704]
 [ 0.77406098]
 [ 0.67499389]
 [ 0.01715077]
 [ 0.66771549]
 [ 0.99271918]
 [ 0.93194427]
 [ 0.58418046]
 [ 0.99414391]
 [ 0.88053369]
 [ 0.90993652]
 [ 0.41204003]
 [ 0.77623986]
 [ 0.45498488]
 [ 0.87442165]
 [ 0.41094187]
 [ 0.95013526]
 [ 0.53299142]
 [ 0.61663437]
 [ 0.98371118]
 [ 0.84893359]
 [ 0.87455219]
 [ 0.99522326]
 [ 0.        ]
 [ 0.956527  ]
 [ 0.92479362]
 [ 0.80252202]
 [ 0.71903335]
 [ 0.54820129]
 [ 0.94877636]
 [ 0.56232542]
 [ 0.94294066]
 [ 0.6278388 ]
 [ 0.42593124]
 [ 0.18115084]
 [ 0.4612893 ]
 [ 0.99620798]
 [ 0.53176059]
 [ 0.97301558]
 [ 0.94841588]
 [ 0.18135578]
 [ 0.95672726]
 [ 0.97215866]
 [ 0.7791591 ]
 [ 0.39970543]
 [ 0.29857566]
 [ 0.        ]
 [ 0.92597195]
 [ 0.78540911]
 [ 0.49799436]
 [ 0.90620254]
 [ 0.90743971]
 [ 0.85217337]
 [ 0.3952653 ]
 [ 0.81553218]
 [ 0.89641564]
 [ 0.        ]
 [ 0.94665641]
 [ 0.95745065]
 [ 0.84998382]
 [ 0.0514162 ]
 [ 0.97935521]
 [ 0.84277269]
 [ 0.68254882]
 [ 0.97636493]
 [ 0.02862057]
 [ 0.18028276]
 [ 0.76324713]
 [ 0.48299709]
 [ 0.57092978]
 [ 0.5574411 ]
 [ 0.91361614]
 [ 0.96244755]
 [ 0.        ]
 [ 0.53238576]
 [ 0.99946089]
 [ 0.8333358 ]
 [ 0.96304243]
 [ 0.87543924]
 [ 0.61555419]
 [ 0.47920393]
 [ 0.72011519]
 [ 0.52060998]
 [ 0.92273847]
 [ 0.3216838 ]
 [ 0.65105425]
 [ 0.85940428]
 [ 0.97056363]
 [ 0.90062846]
 [ 0.77440272]
 [ 0.86648776]
 [ 0.98116822]
 [ 0.69364558]
 [ 0.52279672]
 [ 0.73725185]
 [ 0.90284155]
 [ 0.72869767]
 [ 0.59164666]
 [ 0.33047471]
 [ 0.78655928]
 [ 0.45927752]
 [ 0.99386275]
 [ 0.98907063]
 [ 0.82049219]
 [ 0.9276493 ]
 [ 0.09119619]
 [ 0.70241763]
 [ 0.94804571]
 [ 0.72143681]
 [ 0.83513612]
 [ 0.9719359 ]
 [ 0.663353  ]
 [ 0.68212854]
 [ 0.15256922]
 [ 0.78248421]
 [ 0.74732366]
 [ 0.92148651]
 [ 0.57272975]
 [ 0.96076783]
 [ 0.83661504]
 [ 0.51127112]
 [ 0.97766691]
 [ 0.93550163]
 [ 0.96601021]
 [ 0.59930973]
 [ 0.56722832]
 [ 0.56266481]
 [ 0.90176306]
 [ 0.49817579]
 [ 0.81195526]
 [ 0.5101874 ]
 [ 0.63762177]]"
24,Agricultura,Educacion,1,168,0.318965517241,29.8556461334,"[[ 0.67450443]
 [ 0.72024359]
 [ 0.55286131]
 [ 0.84208309]
 [ 0.9165735 ]
 [ 0.96601263]
 [ 0.74085028]
 [ 0.34912626]
 [ 0.48692145]
 [ 0.26185029]
 [ 0.        ]
 [ 0.99997385]
 [ 0.98544256]
 [ 0.91526996]
 [ 0.88091686]
 [ 0.72404363]
 [ 0.47332507]
 [ 0.        ]
 [ 0.58245931]
 [ 0.3681334 ]
 [ 0.97602138]
 [ 0.99083516]
 [ 0.96106811]
 [ 0.87562272]
 [ 0.72098267]
 [ 0.78286785]
 [ 0.46865021]
 [ 0.90363952]
 [ 0.94295726]
 [ 0.85655527]
 [ 0.9474553 ]
 [ 0.77304858]
 [ 0.97931636]
 [ 0.96519331]
 [ 0.99997897]
 [ 0.73688978]
 [ 0.80030374]
 [ 0.92969111]
 [ 0.98088213]
 [ 0.73007712]
 [ 0.98009171]
 [ 0.98677154]
 [ 0.96700922]
 [ 0.99883001]
 [ 0.99096157]
 [ 0.31681206]
 [ 0.66847602]
 [ 0.99018792]
 [ 0.43251918]
 [ 0.73447842]
 [ 0.89737419]
 [ 0.        ]
 [ 0.45520495]
 [ 0.63471724]
 [ 0.71857323]
 [ 0.27528304]
 [ 0.74494183]
 [ 0.54031279]
 [ 0.67404294]
 [ 0.23851516]
 [ 0.88222325]
 [ 0.68275214]
 [ 0.74045378]
 [ 0.86189925]
 [ 0.55690335]
 [ 0.75439953]
 [ 0.48977526]
 [ 0.45580299]
 [ 0.63667266]
 [ 0.5685763 ]
 [ 0.05349165]
 [ 0.39560045]
 [ 0.47114328]
 [ 0.42057268]
 [ 0.24673423]
 [ 0.43381684]
 [ 0.54784908]
 [ 0.946611  ]
 [ 0.94910534]
 [ 0.59376179]
 [ 0.74999578]
 [ 0.17906173]
 [ 0.        ]
 [ 0.44626426]
 [ 0.67369736]
 [ 0.52485533]
 [ 0.75682186]
 [ 0.81466105]
 [ 0.77580782]
 [ 0.56124514]
 [ 0.35449696]
 [ 0.7232351 ]
 [ 0.95666667]
 [ 0.93043478]
 [ 0.32187159]
 [ 0.9069084 ]
 [ 0.83694726]
 [ 0.99998134]
 [ 0.99457593]
 [ 0.74179287]
 [ 0.91622627]
 [ 0.99323463]
 [ 0.74293686]
 [ 0.86804412]
 [ 0.40484472]
 [ 0.59187676]
 [ 0.93630337]
 [ 0.77280142]
 [ 0.91681846]
 [ 0.74946439]
 [ 0.97535468]
 [ 0.40834681]
 [ 0.56340656]
 [ 0.94957463]
 [ 0.94433082]
 [ 0.98113897]]"
25,Agricultura,Educacion,2,168,0.301724137931,31.6194989681,"[[ 0.57349125]
 [ 0.7244969 ]
 [ 0.68798367]
 [ 0.99993542]
 [ 0.96153935]
 [ 0.80471926]
 [ 0.5857208 ]
 [ 0.78120558]
 [ 0.29829325]
 [ 0.        ]
 [ 0.48919264]
 [ 0.94412883]
 [ 0.83526897]
 [ 0.96206825]
 [ 0.39175427]
 [ 0.84315004]
 [ 0.24179938]
 [ 0.27215626]
 [ 0.36612213]
 [ 0.        ]
 [ 0.98642017]
 [ 0.99010137]
 [ 0.30633084]
 [ 0.90780625]
 [ 0.90460272]
 [ 0.9625298 ]
 [ 0.98509094]
 [ 0.99984807]
 [ 0.99918496]
 [ 0.99940301]
 [ 0.45561286]
 [ 0.87903811]
 [ 0.92853733]
 [ 0.98871247]
 [ 0.97991031]
 [ 0.98713606]
 [ 0.99439069]
 [ 0.95246188]
 [ 0.9728992 ]
 [ 0.97947681]
 [ 0.96651709]
 [ 0.3102803 ]
 [ 0.91775114]
 [ 0.87455946]
 [ 0.66760845]
 [ 0.26206025]
 [ 0.99985117]
 [ 0.90889473]
 [ 0.39084663]
 [ 0.47719402]
 [ 0.97528487]
 [ 0.0423458 ]
 [ 0.44098143]
 [ 0.51353224]
 [ 0.72364882]
 [ 0.19964621]
 [ 0.50949028]
 [ 0.63562473]
 [ 0.63123617]
 [ 0.58027106]
 [ 0.85563004]
 [ 0.89285346]
 [ 0.8380984 ]
 [ 0.85971287]
 [ 0.61228937]
 [ 0.72429036]
 [ 0.64588875]
 [ 0.48551558]
 [ 0.29375293]
 [ 0.37108541]
 [ 0.        ]
 [ 0.32218804]
 [ 0.59724358]
 [ 0.5300416 ]
 [ 0.38603327]
 [ 0.5547229 ]
 [ 0.59398949]
 [ 0.97070879]
 [ 0.95190477]
 [ 0.46134758]
 [ 0.38839578]
 [ 0.        ]
 [ 0.15245414]
 [ 0.62743659]
 [ 0.64266558]
 [ 0.79444985]
 [ 0.48824634]
 [ 0.76658901]
 [ 0.75331967]
 [ 0.55662104]
 [ 0.61140422]
 [ 0.11468205]
 [ 0.95282258]
 [ 0.9       ]
 [ 0.53514534]
 [ 0.95277965]
 [ 0.8436586 ]
 [ 0.55944367]
 [ 0.76083371]
 [ 0.95603881]
 [ 0.73013427]
 [ 0.87237614]
 [ 0.70874435]
 [ 0.97801192]
 [ 0.66865079]
 [ 0.35819442]
 [ 0.68314504]
 [ 0.90830405]
 [ 0.73556055]
 [ 0.72443712]
 [ 0.99988486]
 [ 0.54811221]
 [ 0.53164823]
 [ 0.8271646 ]
 [ 0.91939054]
 [ 0.53581826]]"
26,Agricultura,Educacion,3,168,0.215517241379,35.8905649185,"[[ 0.58622839]
 [ 0.79256451]
 [ 0.56250748]
 [ 0.6395853 ]
 [ 0.7293307 ]
 [ 0.65034844]
 [ 0.42111005]
 [ 0.13713895]
 [ 0.        ]
 [ 0.34719927]
 [ 0.25217733]
 [ 0.66505921]
 [ 0.98846914]
 [ 0.63930401]
 [ 0.71160019]
 [ 0.5617556 ]
 [ 0.59519721]
 [ 0.12521012]
 [ 0.56721894]
 [ 0.48361682]
 [ 0.88246555]
 [ 0.98161511]
 [ 0.71516597]
 [ 0.97825391]
 [ 0.75407001]
 [ 0.99980308]
 [ 0.98747318]
 [ 0.35954209]
 [ 0.73539884]
 [ 0.99930903]
 [ 0.99999327]
 [ 0.99972883]
 [ 0.99586995]
 [ 0.77076603]
 [ 0.9998801 ]
 [ 0.71286193]
 [ 0.54791137]
 [ 0.98097812]
 [ 0.99980937]
 [ 0.51819809]
 [ 0.98046446]
 [ 0.98710686]
 [ 0.49841432]
 [ 0.40661638]
 [ 0.68777558]
 [ 0.25966054]
 [ 0.77070791]
 [ 0.6387331 ]
 [ 0.84476582]
 [ 0.98690479]
 [ 0.92911489]
 [ 0.31297637]
 [ 0.43261459]
 [ 0.58503198]
 [ 0.66593221]
 [ 0.1354771 ]
 [ 0.52572842]
 [ 0.47388773]
 [ 0.78907174]
 [ 0.71821224]
 [ 0.68828587]
 [ 0.44411555]
 [ 0.68546933]
 [ 0.87116115]
 [ 0.93888707]
 [ 0.80026953]
 [ 0.67048754]
 [ 0.73311276]
 [ 0.        ]
 [ 0.22205837]
 [ 0.        ]
 [ 0.55277936]
 [ 0.54438929]
 [ 0.41966146]
 [ 0.66869597]
 [ 0.48767728]
 [ 0.46189042]
 [ 0.92967162]
 [ 0.9128072 ]
 [ 0.59347086]
 [ 0.40751863]
 [ 0.        ]
 [ 0.33257175]
 [ 0.12516861]
 [ 0.60303448]
 [ 0.66197192]
 [ 0.80720054]
 [ 0.69086556]
 [ 0.70465061]
 [ 0.51790133]
 [ 0.37778981]
 [ 0.50190974]
 [ 0.79067797]
 [ 1.        ]
 [ 0.61357158]
 [ 0.63817328]
 [ 0.86478058]
 [ 0.99996241]
 [ 0.72541595]
 [ 0.59810483]
 [ 0.86187825]
 [ 0.95017784]
 [ 0.96291533]
 [ 0.88305544]
 [ 0.54623874]
 [ 0.40988497]
 [ 0.65264325]
 [ 0.50835879]
 [ 0.70208994]
 [ 0.89878678]
 [ 0.39043574]
 [ 0.23471461]
 [ 0.64331043]
 [ 0.96006857]
 [ 0.85564912]
 [ 0.98100558]]"
27,Agricultura,Energia,1,51,0.48,11.7408430576,"[[ 0.39842565]
 [ 0.28724771]
 [ 0.54582791]
 [ 0.4553667 ]
 [ 0.98040698]
 [ 0.82211416]
 [ 0.92290735]
 [ 0.97309888]
 [ 0.95078953]
 [ 0.02596407]
 [ 0.9786469 ]
 [ 0.89385931]
 [ 0.95945594]
 [ 0.39728484]
 [ 0.98006169]
 [ 0.91472609]
 [ 0.91894313]
 [ 0.84201208]
 [ 0.99633312]
 [ 0.94867398]
 [ 0.959636  ]
 [ 0.82804484]
 [ 0.30935214]
 [ 0.91560581]
 [ 0.86026407]
 [ 0.99910643]
 [ 0.56847239]
 [ 0.99633471]
 [ 0.98391379]
 [ 0.19903832]
 [ 0.94205683]
 [ 0.7670735 ]
 [ 0.77318109]
 [ 0.96192881]
 [ 0.97299877]
 [ 0.65916819]
 [ 0.66651389]
 [ 0.8728062 ]
 [ 0.77578564]
 [ 0.99970903]
 [ 0.78090613]
 [ 0.7678071 ]
 [ 0.91880611]
 [ 0.77310741]
 [ 0.64119491]
 [ 0.19326149]
 [ 0.8112077 ]
 [ 0.9549859 ]
 [ 0.98958327]
 [ 0.90896734]]"
28,Agricultura,Energia,2,51,0.32,15.5092182159,"[[ 0.55109878]
 [ 0.74045969]
 [ 0.        ]
 [ 0.80956531]
 [ 0.66138659]
 [ 0.73806789]
 [ 0.73386735]
 [ 0.86144707]
 [ 0.83067018]
 [ 0.63287835]
 [ 0.99245143]
 [ 0.8241185 ]
 [ 0.97876541]
 [ 0.11569166]
 [ 0.98405581]
 [ 0.65648019]
 [ 0.98755621]
 [ 0.91987039]
 [ 0.92835601]
 [ 0.        ]
 [ 0.84726164]
 [ 0.8741813 ]
 [ 0.80654298]
 [ 0.72868452]
 [ 0.97884002]
 [ 0.98365891]
 [ 0.98423187]
 [ 0.98400714]
 [ 0.9952713 ]
 [ 0.29401104]
 [ 0.94115508]
 [ 0.73874325]
 [ 0.52856328]
 [ 0.72652381]
 [ 0.91569191]
 [ 0.06678127]
 [ 0.26445866]
 [ 0.87090803]
 [ 0.45304248]
 [ 0.68251443]
 [ 0.67240937]
 [ 0.59801346]
 [ 0.        ]
 [ 0.84686335]
 [ 0.29965268]
 [ 0.35950663]
 [ 0.93556734]
 [ 0.96783303]
 [ 0.9462038 ]
 [ 0.77121521]]"
29,Agricultura,Energia,3,51,0.34,16.8375310898,"[[ 0.33404676]
 [ 0.55284086]
 [ 0.97051017]
 [ 0.48126939]
 [ 0.64011666]
 [ 0.89149855]
 [ 0.97750551]
 [ 0.89659286]
 [ 0.83337834]
 [ 0.72762405]
 [ 0.9880701 ]
 [ 0.96314612]
 [ 0.97181279]
 [ 0.        ]
 [ 0.976733  ]
 [ 0.88600136]
 [ 0.93069878]
 [ 0.54578727]
 [ 0.86900944]
 [ 0.94921634]
 [ 0.93665157]
 [ 0.79709105]
 [ 0.65662092]
 [ 0.70895332]
 [ 0.97794606]
 [ 0.99708657]
 [ 0.79451251]
 [ 0.99549217]
 [ 0.98556641]
 [ 0.        ]
 [ 0.9440281 ]
 [ 0.74787036]
 [ 0.71472647]
 [ 0.79916415]
 [ 0.81659398]
 [ 0.        ]
 [ 0.8911146 ]
 [ 0.48627227]
 [ 0.73612493]
 [ 0.99996761]
 [ 0.09832472]
 [ 0.70474558]
 [ 0.45596206]
 [ 0.90306078]
 [ 0.34459485]
 [ 0.33511414]
 [ 0.86569564]
 [ 0.88039583]
 [ 0.91972687]
 [ 0.71963786]]"
30,Agricultura,Finanzas,1,67,0.233333333333,17.112680912,"[[ 0.90934673]
 [ 0.70875923]
 [ 0.76902444]
 [ 0.50772896]
 [ 0.67209447]
 [ 0.42850454]
 [ 0.84924545]
 [ 0.9472494 ]
 [ 0.76100432]
 [ 0.37469789]
 [ 0.82953238]
 [ 0.        ]
 [ 0.48962239]
 [ 0.9743073 ]
 [ 0.2975949 ]
 [ 0.        ]
 [ 0.39839265]
 [ 0.32809895]
 [ 0.83500269]
 [ 0.64558848]
 [ 0.83222044]
 [ 0.9584436 ]
 [ 0.73678863]
 [ 0.9563159 ]
 [ 0.8602968 ]
 [ 0.97743925]
 [ 0.75642125]
 [ 0.44869004]
 [ 0.65197549]
 [ 0.97180915]
 [ 0.96835706]
 [ 0.46458036]
 [ 0.83746837]
 [ 0.69852731]
 [ 0.16013079]
 [ 0.82065604]
 [ 0.90432168]
 [ 0.67977461]
 [ 0.70019143]
 [ 0.87119698]
 [ 0.        ]
 [ 0.31558423]
 [ 0.72846723]
 [ 0.73653166]
 [ 0.9579325 ]
 [ 0.96530395]
 [ 0.99135648]
 [ 0.48551455]
 [ 0.        ]
 [ 0.06573566]
 [ 0.        ]
 [ 0.92233326]
 [ 0.84006453]
 [ 0.97340464]
 [ 0.        ]
 [ 0.19927446]
 [ 0.59818579]
 [ 0.        ]
 [ 0.34084186]
 [ 0.        ]]"
31,Agricultura,Finanzas,2,67,0.25,18.1531360149,"[[ 0.92984357]
 [ 0.98724594]
 [ 0.66408995]
 [ 0.63244856]
 [ 0.86255771]
 [ 0.60771053]
 [ 0.82105096]
 [ 0.92658757]
 [ 0.69001775]
 [ 0.53387346]
 [ 0.33781915]
 [ 0.        ]
 [ 0.7965453 ]
 [ 0.89627394]
 [ 0.25230194]
 [ 0.3653321 ]
 [ 0.59984591]
 [ 0.63681618]
 [ 0.67053105]
 [ 0.72101276]
 [ 0.8077031 ]
 [ 0.99956256]
 [ 0.94190876]
 [ 0.76274258]
 [ 0.92207755]
 [ 0.7810522 ]
 [ 0.88816836]
 [ 0.48897541]
 [ 0.70703032]
 [ 0.9872786 ]
 [ 0.43602279]
 [ 0.26203219]
 [ 0.65181059]
 [ 0.        ]
 [ 0.59852263]
 [ 0.75979411]
 [ 0.92503384]
 [ 0.65504726]
 [ 0.45439715]
 [ 0.97436309]
 [ 0.99632821]
 [ 0.        ]
 [ 0.3795503 ]
 [ 0.72423099]
 [ 0.97270117]
 [ 0.9494109 ]
 [ 0.954651  ]
 [ 0.        ]
 [ 0.        ]
 [ 0.21239532]
 [ 0.72627176]
 [ 0.97703703]
 [ 0.69721941]
 [ 0.78439414]
 [ 0.        ]
 [ 0.12387445]
 [ 0.84352437]
 [ 0.16300307]
 [ 0.93417496]
 [ 0.        ]]"
32,Agricultura,Finanzas,3,67,0.25,20.3418409824,"[[ 0.91811969]
 [ 0.35303821]
 [ 0.98805495]
 [ 0.46908254]
 [ 0.72103525]
 [ 0.41829819]
 [ 0.675822  ]
 [ 0.93497474]
 [ 0.9090911 ]
 [ 0.        ]
 [ 0.67507021]
 [ 0.04910148]
 [ 0.75010352]
 [ 0.87586241]
 [ 0.2858864 ]
 [ 0.54707055]
 [ 0.69338918]
 [ 0.73303965]
 [ 0.39642899]
 [ 0.571174  ]
 [ 0.93168559]
 [ 0.38558852]
 [ 0.57374134]
 [ 0.83967238]
 [ 0.82862318]
 [ 0.94102575]
 [ 0.80714043]
 [ 0.71416613]
 [ 0.56109496]
 [ 0.97885166]
 [ 0.38591438]
 [ 0.32569908]
 [ 0.64278172]
 [ 0.35669859]
 [ 0.34008884]
 [ 0.85365691]
 [ 0.65269005]
 [ 0.65172036]
 [ 0.56166591]
 [ 0.73850766]
 [ 0.7896124 ]
 [ 0.        ]
 [ 0.94046412]
 [ 0.81004945]
 [ 0.93814808]
 [ 0.92396638]
 [ 0.74986588]
 [ 0.38518272]
 [ 0.1190205 ]
 [ 0.44867446]
 [ 0.77587753]
 [ 0.93760881]
 [ 0.88673455]
 [ 0.91297058]
 [ 0.12127991]
 [ 0.24164324]
 [ 0.94155875]
 [ 0.        ]
 [ 0.93374248]
 [ 0.96350908]]"
33,Agricultura,Genero,1,175,0.280575539568,34.9920289516,"[[ 0.7735457 ]
 [ 0.67721266]
 [ 0.97678251]
 [ 0.78449771]
 [ 0.92503806]
 [ 0.        ]
 [ 0.        ]
 [ 0.38376503]
 [ 0.6801567 ]
 [ 0.31624912]
 [ 0.        ]
 [ 0.04596824]
 [ 0.        ]
 [ 0.21230809]
 [ 0.        ]
 [ 0.        ]
 [ 0.61292997]
 [ 0.62475185]
 [ 0.        ]
 [ 0.        ]
 [ 0.39156073]
 [ 0.8309201 ]
 [ 0.89015073]
 [ 0.8416365 ]
 [ 0.90243672]
 [ 0.99862121]
 [ 0.98149574]
 [ 0.85519315]
 [ 0.98312131]
 [ 0.98999583]
 [ 0.96265386]
 [ 0.84934345]
 [ 0.85343526]
 [ 0.83901245]
 [ 0.9635655 ]
 [ 0.77625618]
 [ 0.93512227]
 [ 0.99151624]
 [ 0.99909518]
 [ 0.64955817]
 [ 0.95248137]
 [ 0.99991256]
 [ 0.99901618]
 [ 0.83697766]
 [ 0.96006359]
 [ 0.1923481 ]
 [ 0.80737965]
 [ 0.28807098]
 [ 0.24575561]
 [ 0.69018638]
 [ 0.80590553]
 [ 0.8703257 ]
 [ 0.86178634]
 [ 0.96626399]
 [ 0.90565588]
 [ 0.84771234]
 [ 0.92619737]
 [ 0.        ]
 [ 0.44266164]
 [ 0.97187185]
 [ 0.        ]
 [ 0.42416132]
 [ 0.93484613]
 [ 0.83694519]
 [ 0.54568652]
 [ 0.71187466]
 [ 0.94001044]
 [ 0.95886343]
 [ 0.37185755]
 [ 0.04419644]
 [ 0.20656572]
 [ 0.35760018]
 [ 0.67965248]
 [ 0.65038322]
 [ 0.97520939]
 [ 0.51331263]
 [ 0.81773845]
 [ 0.72309077]
 [ 0.12024623]
 [ 0.60322568]
 [ 0.93690859]
 [ 0.9838012 ]
 [ 0.93206538]
 [ 0.87821164]
 [ 0.48803193]
 [ 0.94290381]
 [ 0.        ]
 [ 0.61208892]
 [ 0.07057697]
 [ 0.77863386]
 [ 0.98131234]
 [ 0.99553665]
 [ 0.87173837]
 [ 0.95884827]
 [ 0.9940532 ]
 [ 0.94935224]
 [ 0.9659446 ]
 [ 0.93600387]
 [ 0.43696802]
 [ 0.55502306]
 [ 0.89400442]
 [ 0.99977042]
 [ 0.6448208 ]
 [ 0.8696906 ]
 [ 0.60868437]
 [ 0.84432557]
 [ 0.69195708]
 [ 0.56194052]
 [ 0.54468978]
 [ 0.58303267]
 [ 0.68273935]
 [ 0.6718712 ]
 [ 0.31377056]
 [ 0.53089895]
 [ 0.7186433 ]
 [ 0.95366017]
 [ 0.0713672 ]
 [ 0.        ]
 [ 0.48058924]
 [ 0.3604342 ]
 [ 0.55657826]
 [ 0.68047077]
 [ 0.0127272 ]
 [ 0.14849531]
 [ 0.76303956]
 [ 0.97612569]
 [ 0.23347983]
 [ 0.75869521]
 [ 0.38158959]
 [ 0.61935034]
 [ 0.73536738]
 [ 0.53021946]
 [ 0.6994885 ]
 [ 0.79598689]
 [ 0.80224342]
 [ 0.6086011 ]
 [ 0.91882372]
 [ 0.57336852]
 [ 0.84465065]]"
34,Agricultura,Genero,2,175,0.237410071942,38.6851921082,"[[  6.74614539e-01]
 [  7.53850477e-01]
 [  9.60519234e-01]
 [  1.98459781e-01]
 [  9.57763013e-01]
 [  5.17423458e-01]
 [  6.67664188e-01]
 [  7.46499862e-01]
 [  0.00000000e+00]
 [  8.21219603e-01]
 [  4.22581899e-01]
 [  1.26509166e-01]
 [  0.00000000e+00]
 [  2.37212952e-01]
 [  0.00000000e+00]
 [  0.00000000e+00]
 [  6.42283363e-01]
 [  8.89569818e-01]
 [  0.00000000e+00]
 [  0.00000000e+00]
 [  7.51705107e-02]
 [  8.17266832e-01]
 [  7.68272529e-01]
 [  9.86367621e-01]
 [  9.42126311e-01]
 [  9.98055927e-01]
 [  2.73748012e-01]
 [  8.95769394e-01]
 [  6.91836141e-01]
 [  9.14454921e-01]
 [  9.99959947e-01]
 [  4.91141162e-01]
 [  9.74621986e-01]
 [  9.58298103e-01]
 [  9.44344956e-01]
 [  5.60300958e-01]
 [  5.98194852e-01]
 [  8.21609538e-01]
 [  4.90238272e-01]
 [  8.03615572e-01]
 [  7.14263733e-01]
 [  9.31424153e-01]
 [  9.62829343e-01]
 [  9.86759699e-01]
 [  5.94999855e-01]
 [  8.50806948e-01]
 [  8.88313476e-01]
 [  9.68375636e-05]
 [  6.26226849e-01]
 [  8.62750164e-01]
 [  8.60707605e-01]
 [  7.47013888e-01]
 [  8.94033218e-01]
 [  7.75522178e-01]
 [  9.37566779e-01]
 [  9.00111575e-01]
 [  8.92745077e-01]
 [  0.00000000e+00]
 [  1.05328771e-01]
 [  9.38650486e-01]
 [  2.15087576e-01]
 [  2.40684182e-01]
 [  8.16281155e-01]
 [  7.73295165e-01]
 [  7.86247532e-01]
 [  6.70651151e-01]
 [  9.25216708e-01]
 [  8.75094329e-01]
 [  3.93128838e-01]
 [  5.12546635e-01]
 [  1.77626831e-01]
 [  5.30829336e-01]
 [  4.44912974e-01]
 [  6.79561015e-02]
 [  9.88348599e-01]
 [  5.86840817e-01]
 [  8.54770870e-01]
 [  9.95245550e-01]
 [  8.17137905e-01]
 [  5.57154977e-01]
 [  7.68976444e-01]
 [  9.03311884e-01]
 [  9.19931058e-01]
 [  8.47059981e-01]
 [  4.36888496e-01]
 [  9.78690556e-01]
 [  3.35959729e-02]
 [  5.98993208e-01]
 [  4.61601606e-01]
 [  8.45765784e-01]
 [  5.01201589e-01]
 [  9.14603871e-01]
 [  1.90576331e-01]
 [  9.99930952e-01]
 [  9.93027511e-01]
 [  9.89192223e-01]
 [  8.51888433e-01]
 [  9.88152917e-01]
 [  7.79688414e-01]
 [  3.52596065e-01]
 [  9.87204455e-01]
 [  9.99390584e-01]
 [  7.05460124e-01]
 [  7.08704555e-01]
 [  6.84173239e-01]
 [  9.08416660e-01]
 [  6.93066628e-01]
 [  6.43291005e-01]
 [  6.88255868e-01]
 [  5.52877946e-01]
 [  7.75183763e-01]
 [  8.40870425e-01]
 [  6.03040272e-01]
 [  7.06556610e-02]
 [  9.78560776e-01]
 [  9.21901528e-01]
 [  0.00000000e+00]
 [  0.00000000e+00]
 [  3.59357241e-01]
 [  4.86857256e-01]
 [  6.70337032e-01]
 [  4.31118739e-01]
 [  0.00000000e+00]
 [  1.06484910e-02]
 [  7.35907686e-01]
 [  8.15076946e-01]
 [  7.08542101e-01]
 [  7.27152208e-01]
 [  6.99143498e-01]
 [  7.16076808e-01]
 [  8.00379123e-01]
 [  2.89008902e-01]
 [  7.44171613e-01]
 [  7.98785867e-01]
 [  6.67646160e-01]
 [  7.03448496e-01]
 [  8.53339707e-01]
 [  6.41388360e-01]
 [  9.40746674e-01]]"
35,Agricultura,Genero,3,175,0.215827338129,41.8035030365,"[[ 0.69174586]
 [ 0.54578082]
 [ 0.93990025]
 [ 0.28752918]
 [ 0.35312601]
 [ 0.22985379]
 [ 0.        ]
 [ 0.        ]
 [ 0.        ]
 [ 0.2611408 ]
 [ 0.93105192]
 [ 0.56087521]
 [ 0.        ]
 [ 0.        ]
 [ 0.        ]
 [ 0.        ]
 [ 0.5503186 ]
 [ 0.54592542]
 [ 0.20674374]
 [ 0.        ]
 [ 0.        ]
 [ 0.8653245 ]
 [ 0.90620263]
 [ 0.71251961]
 [ 0.97424287]
 [ 0.99644127]
 [ 0.599382  ]
 [ 0.27353714]
 [ 0.57315077]
 [ 0.99528691]
 [ 0.84112828]
 [ 0.96630004]
 [ 0.99492799]
 [ 0.51554832]
 [ 0.99948533]
 [ 0.87754897]
 [ 0.88915489]
 [ 0.92426579]
 [ 0.98716028]
 [ 0.77387372]
 [ 0.8399732 ]
 [ 0.98699275]
 [ 0.93887834]
 [ 0.57052715]
 [ 0.90735473]
 [ 0.87092565]
 [ 0.85063235]
 [ 0.73867822]
 [ 0.49437945]
 [ 0.78437991]
 [ 0.63039873]
 [ 0.88304271]
 [ 0.82873666]
 [ 0.68807987]
 [ 0.82186088]
 [ 0.63574743]
 [ 0.69343621]
 [ 0.68260331]
 [ 0.72527248]
 [ 0.9164662 ]
 [ 0.        ]
 [ 0.00401131]
 [ 0.81030249]
 [ 0.75244675]
 [ 0.65157292]
 [ 0.64099563]
 [ 0.77191178]
 [ 0.81908846]
 [ 0.32524576]
 [ 0.        ]
 [ 0.51077412]
 [ 0.59247876]
 [ 0.86939168]
 [ 0.41604978]
 [ 0.92829352]
 [ 0.98798957]
 [ 0.92158124]
 [ 0.55301276]
 [ 0.30998853]
 [ 0.80405465]
 [ 0.90018155]
 [ 0.89860681]
 [ 0.93034648]
 [ 0.92838305]
 [ 0.77301774]
 [ 0.63443653]
 [ 0.34734568]
 [ 0.57955403]
 [ 0.8042468 ]
 [ 0.11860136]
 [ 0.60990354]
 [ 0.92879282]
 [ 0.33190836]
 [ 0.99267662]
 [ 0.98202797]
 [ 0.9585874 ]
 [ 0.83943749]
 [ 0.9999201 ]
 [ 0.69028365]
 [ 0.28691135]
 [ 0.98545314]
 [ 0.87159817]
 [ 0.65009717]
 [ 0.49036536]
 [ 0.53015405]
 [ 0.91652266]
 [ 0.82982018]
 [ 0.73457217]
 [ 0.55065843]
 [ 0.76723833]
 [ 0.80929253]
 [ 0.15947582]
 [ 0.36366999]
 [ 0.        ]
 [ 0.93585952]
 [ 0.80397727]
 [ 0.09641786]
 [ 0.02746288]
 [ 0.40202698]
 [ 0.53124435]
 [ 0.358081  ]
 [ 0.69715047]
 [ 0.2273494 ]
 [ 0.10174953]
 [ 0.7028012 ]
 [ 0.90820912]
 [ 0.76978328]
 [ 0.70409455]
 [ 0.68235308]
 [ 0.34932403]
 [ 0.46249033]
 [ 0.39944348]
 [ 0.69113612]
 [ 0.83071795]
 [ 0.82777892]
 [ 0.8419543 ]
 [ 0.74710033]
 [ 0.83296731]
 [ 0.81841324]]"
36,Agricultura,Infraestructura,1,41,0.439024390244,9.49148988724,"[[ 0.78646914]
 [ 0.98843994]
 [ 0.80181172]
 [ 0.        ]
 [ 0.        ]
 [ 0.        ]
 [ 0.36949445]
 [ 0.92308657]
 [ 0.91073219]
 [ 0.94220315]
 [ 0.93617512]
 [ 0.92867392]
 [ 0.69284277]
 [ 0.98752413]
 [ 0.65859896]
 [ 0.93699748]
 [ 0.7863711 ]
 [ 0.84360958]
 [ 0.94333655]
 [ 0.55671443]
 [ 0.4312841 ]
 [ 0.77846588]
 [ 0.49421062]
 [ 0.97561699]
 [ 0.99363335]
 [ 0.62833498]
 [ 0.82784809]
 [ 0.9915387 ]
 [ 0.40151198]
 [ 0.        ]
 [ 0.92319227]
 [ 0.97489017]
 [ 0.62330773]
 [ 0.85675454]
 [ 0.9909723 ]
 [ 0.95873281]
 [ 0.98095648]
 [ 0.12050621]
 [ 0.69358095]
 [ 0.67701889]
 [ 0.90238623]]"
37,Agricultura,Infraestructura,2,41,0.292682926829,12.8290300369,"[[ 0.77757311]
 [ 0.62882363]
 [ 0.75847935]
 [ 0.        ]
 [ 0.37840086]
 [ 0.        ]
 [ 0.        ]
 [ 0.74169342]
 [ 0.95928928]
 [ 0.88016368]
 [ 0.7323115 ]
 [ 0.90557431]
 [ 0.91645912]
 [ 0.93320436]
 [ 0.82897524]
 [ 0.90683944]
 [ 0.83492227]
 [ 0.9945488 ]
 [ 0.93072212]
 [ 0.71324067]
 [ 0.79743036]
 [ 0.94730831]
 [ 0.23458752]
 [ 0.95984788]
 [ 0.83374974]
 [ 0.82733704]
 [ 0.67852785]
 [ 0.42719988]
 [ 0.94616224]
 [ 0.        ]
 [ 0.84051124]
 [ 0.66249573]
 [ 0.71419543]
 [ 0.59292937]
 [ 0.9967787 ]
 [ 0.52056962]
 [ 0.78534473]
 [ 0.85723699]
 [ 0.10164999]
 [ 0.81838061]
 [ 0.91031588]]"
38,Agricultura,Infraestructura,3,41,0.292682926829,15.1865048409,"[[ 0.82010585]
 [ 0.9208362 ]
 [ 0.78450143]
 [ 0.69883046]
 [ 0.44152243]
 [ 0.        ]
 [ 0.        ]
 [ 0.77627164]
 [ 0.97426296]
 [ 0.79771555]
 [ 0.57882758]
 [ 0.76074416]
 [ 0.97808883]
 [ 0.87777303]
 [ 0.9405358 ]
 [ 0.97045008]
 [ 0.71934688]
 [ 0.94137744]
 [ 0.9255682 ]
 [ 0.62146259]
 [ 0.1765702 ]
 [ 0.83560225]
 [ 0.960643  ]
 [ 0.94058477]
 [ 0.95835057]
 [ 0.8600644 ]
 [ 0.3669885 ]
 [ 0.84393549]
 [ 0.23866528]
 [ 0.        ]
 [ 0.90686948]
 [ 0.76055437]
 [ 0.57358301]
 [ 0.75708595]
 [ 0.983889  ]
 [ 0.        ]
 [ 0.84167258]
 [ 0.5865534 ]
 [ 0.69303179]
 [ 0.68739182]
 [ 0.85465381]]"
39,Agricultura,Pobreza,1,23,0.2,7.76691889763,"[[ 0.        ]
 [ 0.        ]
 [ 0.62761993]
 [ 0.66022603]
 [ 0.56586906]
 [ 0.74940454]
 [ 0.21412089]
 [ 0.2926894 ]
 [ 0.90250959]
 [ 0.75867867]
 [ 0.78807955]
 [ 0.63774523]
 [ 0.84102709]
 [ 0.94683981]
 [ 0.83937851]
 [ 0.84102919]
 [ 0.94235434]
 [ 0.97149453]
 [ 0.        ]
 [ 0.73024408]]"
40,Agricultura,Pobreza,2,23,0.2,9.01815605164,"[[ 0.38008549]
 [ 0.        ]
 [ 0.32738484]
 [ 0.56124039]
 [ 0.38422195]
 [ 0.38284445]
 [ 0.71949943]
 [ 0.88292656]
 [ 0.69324882]
 [ 0.19479232]
 [ 0.99975253]
 [ 0.52365038]
 [ 0.86592303]
 [ 0.52473682]
 [ 0.91263278]
 [ 0.71926952]
 [ 0.92146628]
 [ 0.98656263]
 [ 0.        ]
 [ 0.81444167]]"
41,Agricultura,Pobreza,3,23,0.05,10.6533610821,"[[ 0.        ]
 [ 0.        ]
 [ 0.61361821]
 [ 0.56540281]
 [ 0.56750879]
 [ 0.39716977]
 [ 0.6341935 ]
 [ 0.63322989]
 [ 0.54313568]
 [ 0.58517245]
 [ 0.75616014]
 [ 0.78723935]
 [ 0.84452998]
 [ 0.73781768]
 [ 0.86226415]
 [ 0.32491431]
 [ 0.90817744]
 [ 0.40708381]
 [ 0.46911638]
 [ 0.45010689]]"
42,Agricultura,Privado,1,163,0.275167785235,37.3695099354,"[[ 0.        ]
 [ 0.99121962]
 [ 0.        ]
 [ 0.99982855]
 [ 0.9183423 ]
 [ 0.96310365]
 [ 0.95686279]
 [ 0.        ]
 [ 0.89477562]
 [ 0.96776206]
 [ 0.75228415]
 [ 0.50893625]
 [ 0.88658032]
 [ 0.90168301]
 [ 0.95901585]
 [ 0.99138451]
 [ 0.80860821]
 [ 0.88772546]
 [ 0.76097898]
 [ 0.        ]
 [ 0.98187259]
 [ 0.94263133]
 [ 0.68659218]
 [ 0.7888342 ]
 [ 0.8969878 ]
 [ 0.98472712]
 [ 0.87066157]
 [ 0.56659795]
 [ 0.        ]
 [ 0.        ]
 [ 0.32268589]
 [ 0.3166319 ]
 [ 0.96964239]
 [ 0.        ]
 [ 0.        ]
 [ 0.        ]
 [ 0.        ]
 [ 0.67954188]
 [ 0.81789773]
 [ 0.70617354]
 [ 0.76750873]
 [ 0.52867327]
 [ 0.96280502]
 [ 0.60948452]
 [ 0.97674542]
 [ 0.63202062]
 [ 0.85400208]
 [ 0.02276748]
 [ 0.75813633]
 [ 0.83838711]
 [ 0.7014125 ]
 [ 0.62361659]
 [ 0.42632195]
 [ 0.90015783]
 [ 0.81536998]
 [ 0.79649082]
 [ 0.97637035]
 [ 0.98819978]
 [ 0.87906125]
 [ 0.96185168]
 [ 0.73538777]
 [ 0.92034784]
 [ 0.        ]
 [ 0.67142948]
 [ 0.70294308]
 [ 0.835183  ]
 [ 0.11470195]
 [ 0.99923325]
 [ 0.        ]
 [ 0.        ]
 [ 0.14167906]
 [ 0.44287728]
 [ 0.        ]
 [ 0.18670248]
 [ 0.17968364]
 [ 0.14288314]
 [ 0.22258954]
 [ 0.02972222]
 [ 0.87724651]
 [ 0.63635154]
 [ 0.96717684]
 [ 0.93870829]
 [ 0.72052957]
 [ 0.14226694]
 [ 0.6409384 ]
 [ 0.6440434 ]
 [ 0.34508116]
 [ 0.79857849]
 [ 0.63219114]
 [ 0.04533831]
 [ 0.63942795]
 [ 0.94058101]
 [ 0.8369302 ]
 [ 0.92423816]
 [ 0.96875638]
 [ 0.14800971]
 [ 0.92512825]
 [ 0.78065707]
 [ 0.719487  ]
 [ 0.53797608]
 [ 0.91407304]
 [ 0.46947269]
 [ 0.77431309]
 [ 0.76120293]
 [ 0.93147182]
 [ 0.87766307]
 [ 0.2958495 ]
 [ 0.7588074 ]
 [ 0.54935345]
 [ 0.79507652]
 [ 0.        ]
 [ 0.95818971]
 [ 0.82859847]
 [ 0.89726371]
 [ 0.        ]
 [ 0.74970318]
 [ 0.96393526]
 [ 0.85828571]
 [ 0.99975122]
 [ 0.9589363 ]
 [ 0.63856167]
 [ 0.44724473]
 [ 0.60602479]
 [ 0.93107224]
 [ 0.        ]
 [ 0.736276  ]
 [ 0.8239519 ]
 [ 0.75320094]
 [ 0.73559548]
 [ 0.99952141]
 [ 0.82421282]
 [ 0.4926042 ]
 [ 0.59722397]
 [ 0.6343556 ]
 [ 0.55881376]
 [ 0.7117149 ]
 [ 0.72146133]
 [ 0.98678997]
 [ 0.7160641 ]
 [ 0.70366322]
 [ 0.69886648]
 [ 0.81952202]
 [ 0.91725619]
 [ 0.57070374]
 [ 0.99547414]
 [ 0.90488172]
 [ 0.        ]
 [ 0.97200457]
 [ 0.99211491]]"
43,Agricultura,Privado,2,163,0.221476510067,42.0458819866,"[[ 0.        ]
 [ 0.27672492]
 [ 0.99994156]
 [ 0.51804369]
 [ 0.94096622]
 [ 0.96408081]
 [ 0.68460389]
 [ 0.        ]
 [ 0.75654018]
 [ 0.94352227]
 [ 0.95032561]
 [ 0.82449534]
 [ 0.66625096]
 [ 0.5748826 ]
 [ 0.75910564]
 [ 0.94218791]
 [ 0.5415588 ]
 [ 0.64319568]
 [ 0.75263029]
 [ 0.00756567]
 [ 0.95181589]
 [ 0.69434627]
 [ 0.40326733]
 [ 0.78460159]
 [ 0.94167866]
 [ 0.98671908]
 [ 0.60156481]
 [ 0.30817898]
 [ 0.        ]
 [ 0.25093976]
 [ 0.        ]
 [ 0.44706358]
 [ 0.99989385]
 [ 0.26900722]
 [ 0.        ]
 [ 0.        ]
 [ 0.        ]
 [ 0.75279349]
 [ 0.82175851]
 [ 0.74659228]
 [ 0.79660975]
 [ 0.        ]
 [ 0.68643336]
 [ 0.52293161]
 [ 0.63424022]
 [ 0.67840453]
 [ 0.82296629]
 [ 0.        ]
 [ 0.79549529]
 [ 0.6285947 ]
 [ 0.84090066]
 [ 0.55914557]
 [ 0.43307908]
 [ 0.96422978]
 [ 0.96022001]
 [ 0.58471625]
 [ 0.48700146]
 [ 0.99032828]
 [ 0.89015894]
 [ 0.83179956]
 [ 0.59026224]
 [ 0.97782204]
 [ 0.        ]
 [ 0.        ]
 [ 0.83671234]
 [ 0.84195786]
 [ 0.        ]
 [ 0.23842867]
 [ 0.        ]
 [ 0.        ]
 [ 0.76191685]
 [ 0.47183646]
 [ 0.        ]
 [ 0.44793173]
 [ 0.21064643]
 [ 0.39575942]
 [ 0.76207245]
 [ 0.        ]
 [ 0.91541816]
 [ 0.74896615]
 [ 0.95511209]
 [ 0.83644512]
 [ 0.90879251]
 [ 0.39465961]
 [ 0.65546448]
 [ 0.81895667]
 [ 0.29864721]
 [ 0.6545155 ]
 [ 0.        ]
 [ 0.57498326]
 [ 0.39456985]
 [ 0.82661164]
 [ 0.84647981]
 [ 0.94770237]
 [ 0.87877729]
 [ 0.97562314]
 [ 0.57828891]
 [ 0.72971899]
 [ 0.92629479]
 [ 0.58160913]
 [ 0.69310309]
 [ 0.        ]
 [ 0.56793654]
 [ 0.94877056]
 [ 0.60190924]
 [ 0.85996186]
 [ 0.38039259]
 [ 0.86051666]
 [ 0.34758816]
 [ 0.44466339]
 [ 0.        ]
 [ 0.93430689]
 [ 0.74506969]
 [ 0.99954019]
 [ 0.        ]
 [ 0.83477156]
 [ 0.92236786]
 [ 0.75452326]
 [ 0.96736703]
 [ 0.8049932 ]
 [ 0.79996035]
 [ 0.73983909]
 [ 0.44559625]
 [ 0.13437116]
 [ 0.71395737]
 [ 0.93704558]
 [ 0.89217925]
 [ 0.8342497 ]
 [ 0.9998671 ]
 [ 0.9872902 ]
 [ 0.65145864]
 [ 0.90416765]
 [ 0.79211914]
 [ 0.75818366]
 [ 0.38775473]
 [ 0.57680265]
 [ 0.54844301]
 [ 0.90182111]
 [ 0.88619529]
 [ 0.34399474]
 [ 0.05396591]
 [ 0.50904291]
 [ 0.87796806]
 [ 0.74351516]
 [ 0.96527963]
 [ 0.71706973]
 [ 0.        ]
 [ 0.96572949]
 [ 0.99872355]]"
44,Agricultura,Privado,3,163,0.154362416107,47.3704621792,"[[ 0.18712208]
 [ 0.99018664]
 [ 0.        ]
 [ 0.92163571]
 [ 0.77003595]
 [ 0.72848485]
 [ 0.97586946]
 [ 0.        ]
 [ 0.46865447]
 [ 0.85789805]
 [ 0.74357809]
 [ 0.95869388]
 [ 0.659631  ]
 [ 0.79009285]
 [ 0.34652379]
 [ 0.50222168]
 [ 0.46579777]
 [ 0.77866649]
 [ 0.67041256]
 [ 0.        ]
 [ 0.51748405]
 [ 0.79443125]
 [ 0.77362805]
 [ 0.8498917 ]
 [ 0.83027292]
 [ 0.65009165]
 [ 0.43933481]
 [ 0.54739005]
 [ 0.        ]
 [ 0.        ]
 [ 0.        ]
 [ 0.33606694]
 [ 0.55806835]
 [ 0.21305538]
 [ 0.07809079]
 [ 0.        ]
 [ 0.        ]
 [ 0.70071447]
 [ 0.87833302]
 [ 0.54029348]
 [ 0.55022599]
 [ 0.55854241]
 [ 0.98313128]
 [ 0.81181898]
 [ 0.76526532]
 [ 0.6610278 ]
 [ 0.79269684]
 [ 0.        ]
 [ 0.55218369]
 [ 0.27908032]
 [ 0.46597458]
 [ 0.7486112 ]
 [ 0.7529401 ]
 [ 0.80927592]
 [ 0.82767933]
 [ 0.74316958]
 [ 0.96165229]
 [ 0.90754704]
 [ 0.90665459]
 [ 0.9109244 ]
 [ 0.56400051]
 [ 0.94084356]
 [ 0.        ]
 [ 0.77229062]
 [ 0.49213427]
 [ 0.82447505]
 [ 0.        ]
 [ 0.57374776]
 [ 0.        ]
 [ 0.        ]
 [ 0.        ]
 [ 0.58034351]
 [ 0.35375668]
 [ 0.65331133]
 [ 0.0687404 ]
 [ 0.34865933]
 [ 0.        ]
 [ 0.        ]
 [ 0.85964431]
 [ 0.80851634]
 [ 0.95479024]
 [ 0.90332423]
 [ 0.49006176]
 [ 0.49584606]
 [ 0.59259371]
 [ 0.76151045]
 [ 0.55447461]
 [ 0.77429106]
 [ 0.80682932]
 [ 0.06786259]
 [ 0.75098435]
 [ 0.66329853]
 [ 0.77152617]
 [ 0.92096646]
 [ 0.94946965]
 [ 0.88508294]
 [ 0.45074332]
 [ 0.80628188]
 [ 0.85788346]
 [ 0.5378585 ]
 [ 0.866661  ]
 [ 0.        ]
 [ 0.        ]
 [ 0.9284324 ]
 [ 0.59999091]
 [ 0.95993345]
 [ 0.03057237]
 [ 0.78424214]
 [ 0.54934454]
 [ 0.85603983]
 [ 0.        ]
 [ 0.66081034]
 [ 0.6651341 ]
 [ 0.7056562 ]
 [ 0.        ]
 [ 0.87806751]
 [ 0.73033023]
 [ 0.87753086]
 [ 0.53603034]
 [ 0.93415275]
 [ 0.68494407]
 [ 0.52077788]
 [ 0.8278681 ]
 [ 0.94247454]
 [ 0.38283664]
 [ 0.90286275]
 [ 0.80036821]
 [ 0.67980107]
 [ 0.99303752]
 [ 0.58985403]
 [ 0.50479645]
 [ 0.51437606]
 [ 0.78156885]
 [ 0.5923125 ]
 [ 0.70991507]
 [ 0.50159504]
 [ 0.71376451]
 [ 0.76048884]
 [ 0.53287495]
 [ 0.38590877]
 [ 0.81419884]
 [ 0.76625651]
 [ 0.94267655]
 [ 0.85907877]
 [ 0.98176813]
 [ 0.76480919]
 [ 0.09911307]
 [ 0.72023087]
 [ 0.92676368]]"
45,Agricultura,Publico,1,97,0.4375,18.182117939,"[[ 0.8537029 ]
 [ 0.83371585]
 [ 0.1533517 ]
 [ 0.55766615]
 [ 0.        ]
 [ 0.91880435]
 [ 0.90909091]
 [ 0.7777439 ]
 [ 0.80931711]
 [ 0.95212766]
 [ 0.46      ]
 [ 0.59354839]
 [ 0.51080645]
 [ 0.64666667]
 [ 0.6085    ]
 [ 0.74936709]
 [ 1.        ]
 [ 1.        ]
 [ 0.98195187]
 [ 0.55      ]
 [ 0.94789474]
 [ 0.865     ]
 [ 0.837909  ]
 [ 1.        ]
 [ 1.        ]
 [ 0.88451875]
 [ 0.98535622]
 [ 0.9486667 ]
 [ 0.69593606]
 [ 0.9426131 ]
 [ 0.        ]
 [ 0.7499159 ]
 [ 0.85326658]
 [ 0.29431462]
 [ 0.7291795 ]
 [ 0.        ]
 [ 0.6778817 ]
 [ 0.97642385]
 [ 0.98184495]
 [ 0.75831729]
 [ 0.57756469]
 [ 0.76652328]
 [ 0.99455579]
 [ 0.9759095 ]
 [ 0.98983013]
 [ 0.993348  ]
 [ 0.99007977]
 [ 0.9905829 ]
 [ 0.92611347]
 [ 0.81944321]
 [ 0.75750492]
 [ 0.82966708]
 [ 0.95767592]
 [ 0.82689241]
 [ 0.79721102]
 [ 0.51389315]
 [ 0.78394929]
 [ 0.99999123]
 [ 0.993011  ]
 [ 0.98746223]
 [ 0.99847455]
 [ 0.99954862]
 [ 0.87998464]
 [ 0.76756775]
 [ 0.95995632]
 [ 0.55039689]
 [ 0.98682824]
 [ 0.82138251]
 [ 0.32345661]
 [ 0.95783925]
 [ 0.85774983]
 [ 0.        ]
 [ 0.9396923 ]
 [ 0.91174052]
 [ 0.93562133]
 [ 0.93830406]
 [ 0.64474842]
 [ 0.86000165]
 [ 0.91116856]
 [ 0.78873181]]"
46,Agricultura,Publico,2,97,0.3875,21.0270981789,"[[ 0.95510659]
 [ 0.96986129]
 [ 0.        ]
 [ 0.64919996]
 [ 0.        ]
 [ 0.4425    ]
 [ 0.91666667]
 [ 0.93571429]
 [ 0.78739933]
 [ 1.        ]
 [ 0.75      ]
 [ 0.58001656]
 [ 1.        ]
 [ 0.50867347]
 [ 0.37504111]
 [ 0.20208955]
 [ 1.        ]
 [ 1.        ]
 [ 0.98161389]
 [ 0.66461494]
 [ 0.87931818]
 [ 0.85138722]
 [ 0.935     ]
 [ 0.63073529]
 [ 0.92657895]
 [ 0.63816858]
 [ 0.        ]
 [ 0.5580848 ]
 [ 0.88066914]
 [ 0.7552299 ]
 [ 0.96155947]
 [ 0.63427226]
 [ 0.9674868 ]
 [ 0.29812122]
 [ 0.89885537]
 [ 0.78356962]
 [ 0.57842251]
 [ 0.90017   ]
 [ 0.92539227]
 [ 0.52865109]
 [ 0.78832852]
 [ 0.65303954]
 [ 0.02716803]
 [ 0.99962618]
 [ 0.        ]
 [ 0.60424714]
 [ 0.99966285]
 [ 0.90864217]
 [ 0.99998106]
 [ 0.93826515]
 [ 0.60922406]
 [ 0.79294248]
 [ 0.82521521]
 [ 0.99010755]
 [ 0.92631326]
 [ 0.9999075 ]
 [ 0.54087706]
 [ 0.999872  ]
 [ 0.68149943]
 [ 0.99957778]
 [ 0.69950327]
 [ 0.76741021]
 [ 0.96325545]
 [ 0.74494665]
 [ 0.974875  ]
 [ 0.65311108]
 [ 0.84618357]
 [ 0.81417029]
 [ 0.88268031]
 [ 0.9480032 ]
 [ 0.80542077]
 [ 0.        ]
 [ 0.91694533]
 [ 0.93118041]
 [ 0.69769348]
 [ 0.59031853]
 [ 0.88706918]
 [ 0.94681856]
 [ 0.59133065]
 [ 0.61037683]]"
47,Agricultura,Publico,3,97,0.325,23.2092409134,"[[ 0.77007599]
 [ 0.91247689]
 [ 0.        ]
 [ 0.41205656]
 [ 0.27318976]
 [ 0.92622951]
 [ 1.        ]
 [ 0.88166667]
 [ 0.90025907]
 [ 0.77044304]
 [ 1.        ]
 [ 0.        ]
 [ 0.6875    ]
 [ 0.46793301]
 [ 0.57      ]
 [ 0.53995536]
 [ 1.        ]
 [ 0.8362948 ]
 [ 0.99411765]
 [ 0.62568182]
 [ 1.        ]
 [ 0.52709091]
 [ 0.79371324]
 [ 0.91710526]
 [ 1.        ]
 [ 0.87467896]
 [ 0.99388919]
 [ 0.65230725]
 [ 0.58194777]
 [ 0.94697084]
 [ 0.24211144]
 [ 0.54854008]
 [ 0.12222558]
 [ 0.55142974]
 [ 0.90216627]
 [ 0.995645  ]
 [ 0.72494965]
 [ 0.48288762]
 [ 0.98246966]
 [ 0.85531926]
 [ 0.63264019]
 [ 0.49611095]
 [ 0.99901836]
 [ 0.97532174]
 [ 0.32130136]
 [ 0.48130607]
 [ 0.69584741]
 [ 0.57336319]
 [ 0.58617269]
 [ 0.77351942]
 [ 0.76279689]
 [ 0.82850056]
 [ 0.9438743 ]
 [ 0.73844883]
 [ 0.98363854]
 [ 0.86889805]
 [ 0.20418311]
 [ 0.83970413]
 [ 0.73651602]
 [ 0.97914958]
 [ 0.92138257]
 [ 0.25902395]
 [ 0.97080649]
 [ 0.6782693 ]
 [ 0.4029752 ]
 [ 0.57795638]
 [ 0.3946892 ]
 [ 0.84561489]
 [ 0.16236684]
 [ 0.91035832]
 [ 0.906714  ]
 [ 0.        ]
 [ 0.53116224]
 [ 0.95786544]
 [ 0.78894222]
 [ 0.73481387]
 [ 0.62399507]
 [ 0.91691878]
 [ 0.84342105]
 [ 0.24811641]]"
48,Agricultura,Salud,1,150,0.416,27.6348111629,"[[ 0.45453158]
 [ 0.86076763]
 [ 0.99993892]
 [ 0.96387504]
 [ 0.88313901]
 [ 0.98033747]
 [ 0.96355352]
 [ 0.74443051]
 [ 0.99923832]
 [ 0.96855336]
 [ 0.31677021]
 [ 0.41983074]
 [ 0.01095945]
 [ 0.14513301]
 [ 0.99002071]
 [ 0.99135855]
 [ 0.        ]
 [ 0.        ]
 [ 0.        ]
 [ 0.        ]
 [ 0.34826573]
 [ 0.75825824]
 [ 0.31906497]
 [ 0.73014212]
 [ 0.32821005]
 [ 0.        ]
 [ 0.        ]
 [ 0.06113057]
 [ 0.98226835]
 [ 0.93900208]
 [ 0.98252936]
 [ 0.95696143]
 [ 0.99644073]
 [ 0.24527945]
 [ 0.16265695]
 [ 0.96120537]
 [ 0.56567468]
 [ 0.46321625]
 [ 0.77180903]
 [ 0.        ]
 [ 0.91757248]
 [ 0.90016383]
 [ 0.91945953]
 [ 0.75984968]
 [ 0.65773937]
 [ 0.61851544]
 [ 0.7495506 ]
 [ 0.77310359]
 [ 0.69266364]
 [ 0.46539157]
 [ 0.56858862]
 [ 0.96058365]
 [ 0.98799572]
 [ 0.95161835]
 [ 0.94666524]
 [ 0.99072683]
 [ 0.98886963]
 [ 0.90298362]
 [ 0.18611789]
 [ 0.22709616]
 [ 0.97128185]
 [ 0.86391568]
 [ 0.94324011]
 [ 0.94073928]
 [ 0.8953682 ]
 [ 0.59837838]
 [ 0.93347653]
 [ 0.32945388]
 [ 0.99937129]
 [ 0.99991159]
 [ 0.94542392]
 [ 0.95072005]
 [ 0.71099338]
 [ 0.158509  ]
 [ 0.00365916]
 [ 0.97421524]
 [ 0.87380664]
 [ 0.07156985]
 [ 0.26280215]
 [ 0.15819282]
 [ 0.75443547]
 [ 0.99593066]
 [ 0.98075577]
 [ 0.90170046]
 [ 0.99966091]
 [ 0.99193558]
 [ 0.        ]
 [ 0.77652485]
 [ 0.87815878]
 [ 0.99257183]
 [ 0.92886537]
 [ 0.92330835]
 [ 0.        ]
 [ 0.96023296]
 [ 0.92059267]
 [ 0.85508584]
 [ 0.45990208]
 [ 0.95309188]
 [ 0.68961286]
 [ 0.00481455]
 [ 0.75231062]
 [ 0.68262763]
 [ 0.99156538]
 [ 0.98113806]
 [ 0.78981115]
 [ 0.95790552]
 [ 0.99768724]
 [ 0.44931937]
 [ 0.        ]
 [ 0.        ]
 [ 0.        ]
 [ 0.90395479]
 [ 0.70406502]
 [ 0.12345271]
 [ 0.59883307]
 [ 0.48613189]
 [ 0.92036769]
 [ 0.64119903]
 [ 0.12173898]
 [ 0.        ]
 [ 0.70189021]
 [ 0.72089807]
 [ 0.        ]
 [ 0.99891988]
 [ 0.96529188]]"
49,Agricultura,Salud,2,150,0.36,33.0737609863,"[[ 0.00511591]
 [ 0.96643346]
 [ 0.95147391]
 [ 0.97664509]
 [ 0.94647034]
 [ 0.97555995]
 [ 0.95334277]
 [ 0.72844246]
 [ 0.99969673]
 [ 0.78639206]
 [ 0.40291925]
 [ 0.52774041]
 [ 0.53991502]
 [ 0.42334745]
 [ 0.93767885]
 [ 0.82168841]
 [ 0.        ]
 [ 0.        ]
 [ 0.        ]
 [ 0.        ]
 [ 0.        ]
 [ 0.16386955]
 [ 0.7503924 ]
 [ 0.25133055]
 [ 0.        ]
 [ 0.        ]
 [ 0.18498809]
 [ 0.96762051]
 [ 0.97981715]
 [ 0.93709104]
 [ 0.79246591]
 [ 0.96321909]
 [ 0.98001218]
 [ 0.        ]
 [ 0.09106017]
 [ 0.50285219]
 [ 0.        ]
 [ 0.75552865]
 [ 0.85796951]
 [ 0.        ]
 [ 0.95754435]
 [ 0.97275103]
 [ 0.9600458 ]
 [ 0.81343128]
 [ 0.37402574]
 [ 0.65251537]
 [ 0.74308905]
 [ 0.64469405]
 [ 0.93339252]
 [ 0.43810198]
 [ 0.45174927]
 [ 0.94908595]
 [ 0.99508473]
 [ 0.97759954]
 [ 0.96453208]
 [ 0.73655705]
 [ 0.49810114]
 [ 0.89251752]
 [ 0.34822204]
 [ 0.59228201]
 [ 0.96065613]
 [ 0.90333867]
 [ 0.91584166]
 [ 0.9551999 ]
 [ 0.94685619]
 [ 0.28609455]
 [ 0.83433985]
 [ 0.53892986]
 [ 0.8319915 ]
 [ 0.82002693]
 [ 0.95329033]
 [ 0.84159258]
 [ 0.96857768]
 [ 0.        ]
 [ 0.30287924]
 [ 0.96138613]
 [ 0.57250207]
 [ 0.21926569]
 [ 0.38301055]
 [ 0.45865198]
 [ 0.74563305]
 [ 0.99855719]
 [ 0.99128821]
 [ 0.99550894]
 [ 0.85981295]
 [ 0.98708517]
 [ 0.13339243]
 [ 0.83311012]
 [ 0.74242278]
 [ 0.98967774]
 [ 0.54424649]
 [ 0.56258208]
 [ 0.29068093]
 [ 0.96389862]
 [ 0.92657196]
 [ 0.98860641]
 [ 0.37926304]
 [ 0.99184508]
 [ 0.51040402]
 [ 0.22339015]
 [ 0.58326941]
 [ 0.95542636]
 [ 0.9860697 ]
 [ 0.93546843]
 [ 0.75587688]
 [ 0.90255636]
 [ 0.98754985]
 [ 0.        ]
 [ 0.        ]
 [ 0.        ]
 [ 0.1977306 ]
 [ 0.79260002]
 [ 0.30787027]
 [ 0.43922982]
 [ 0.20321548]
 [ 0.        ]
 [ 0.93301551]
 [ 0.        ]
 [ 0.18376946]
 [ 0.05134658]
 [ 0.632281  ]
 [ 0.74615228]
 [ 0.03278113]
 [ 0.99139914]
 [ 0.73854065]]"
50,Agricultura,Salud,3,150,0.312,35.2706799507,"[[ 0.71284135]
 [ 0.9439612 ]
 [ 0.98334562]
 [ 0.76953944]
 [ 0.87555438]
 [ 0.88286303]
 [ 0.918301  ]
 [ 0.65081932]
 [ 0.98514649]
 [ 0.86238432]
 [ 0.58471469]
 [ 0.58573668]
 [ 0.51030613]
 [ 0.        ]
 [ 0.85216231]
 [ 0.62332051]
 [ 0.        ]
 [ 1.        ]
 [ 0.        ]
 [ 0.        ]
 [ 0.32876195]
 [ 0.29824172]
 [ 0.56821777]
 [ 0.        ]
 [ 0.        ]
 [ 0.        ]
 [ 0.        ]
 [ 0.109614  ]
 [ 0.79369648]
 [ 0.58329017]
 [ 0.98849329]
 [ 0.81097135]
 [ 0.97540333]
 [ 0.55720278]
 [ 0.        ]
 [ 0.90991073]
 [ 0.        ]
 [ 0.74837993]
 [ 0.999103  ]
 [ 0.17278021]
 [ 0.94349913]
 [ 0.92216557]
 [ 0.90557541]
 [ 0.77964129]
 [ 0.64571405]
 [ 0.61552164]
 [ 0.73403285]
 [ 0.48886555]
 [ 0.81876982]
 [ 0.42970615]
 [ 0.8102046 ]
 [ 0.97953933]
 [ 0.98128601]
 [ 0.93612948]
 [ 0.91406022]
 [ 0.23240143]
 [ 0.54658974]
 [ 0.87553564]
 [ 0.69193843]
 [ 0.56781886]
 [ 0.95832688]
 [ 0.89711391]
 [ 0.92872643]
 [ 0.94683956]
 [ 0.90406533]
 [ 0.62689643]
 [ 0.93431542]
 [ 0.11708574]
 [ 0.91828835]
 [ 0.7366803 ]
 [ 0.97810928]
 [ 0.90312808]
 [ 0.86755744]
 [ 0.01918573]
 [ 0.13207233]
 [ 0.86434955]
 [ 0.84114909]
 [ 0.        ]
 [ 0.19417832]
 [ 0.        ]
 [ 0.64363553]
 [ 0.51251143]
 [ 0.93286013]
 [ 0.92806018]
 [ 0.36880782]
 [ 0.97947697]
 [ 0.13586261]
 [ 0.83635599]
 [ 0.92974414]
 [ 0.75003361]
 [ 0.79525252]
 [ 0.94015285]
 [ 0.        ]
 [ 0.94460109]
 [ 0.89615644]
 [ 0.93316399]
 [ 0.91910325]
 [ 0.94962735]
 [ 0.99927761]
 [ 0.        ]
 [ 0.96028396]
 [ 0.88647032]
 [ 0.9607469 ]
 [ 0.87086554]
 [ 0.96063686]
 [ 0.7029799 ]
 [ 0.95061336]
 [ 0.        ]
 [ 0.        ]
 [ 0.        ]
 [ 0.        ]
 [ 0.48517642]
 [ 0.61241581]
 [ 0.4422938 ]
 [ 0.        ]
 [ 0.        ]
 [ 0.68014425]
 [ 0.        ]
 [ 0.        ]
 [ 0.        ]
 [ 0.02016636]
 [ 0.84382632]
 [ 0.32303821]
 [ 0.81129534]
 [ 0.99188182]]"
51,Agricultura,Social,1,35,0.457142857143,9.76370406151,"[[ 0.96437082]
 [ 0.39098361]
 [ 0.        ]
 [ 0.        ]
 [ 0.        ]
 [ 0.        ]
 [ 0.61712264]
 [ 0.        ]
 [ 0.08437648]
 [ 0.        ]
 [ 0.91992902]
 [ 0.90706077]
 [ 0.84277551]
 [ 0.97701753]
 [ 0.91418752]
 [ 0.98346126]
 [ 0.78283907]
 [ 0.98438109]
 [ 0.92142741]
 [ 0.89164749]
 [ 0.        ]
 [ 0.91906559]
 [ 0.90444579]
 [ 0.9506946 ]
 [ 0.98337524]
 [ 0.98045607]
 [ 0.55289949]
 [ 0.79788828]
 [ 0.67705044]
 [ 0.91423809]
 [ 0.89502209]
 [ 0.93698104]
 [ 0.81668789]
 [ 0.92842627]
 [ 0.72551674]]"
52,Agricultura,Social,2,35,0.342857142857,11.8014259338,"[[ 0.81625113]
 [ 0.40026207]
 [ 0.08943611]
 [ 0.        ]
 [ 0.        ]
 [ 0.        ]
 [ 0.        ]
 [ 0.23238543]
 [ 0.        ]
 [ 0.        ]
 [ 0.91568866]
 [ 0.71530126]
 [ 0.94146373]
 [ 0.8418425 ]
 [ 0.86382037]
 [ 0.9630376 ]
 [ 0.93457436]
 [ 0.93110285]
 [ 0.94003381]
 [ 0.81562252]
 [ 0.        ]
 [ 0.97610141]
 [ 0.91978591]
 [ 0.73085791]
 [ 0.39442804]
 [ 0.9933632 ]
 [ 0.66969676]
 [ 0.82761123]
 [ 0.58441703]
 [ 0.84488634]
 [ 0.78106108]
 [ 0.90150251]
 [ 0.78839331]
 [ 0.90455151]
 [ 0.91213341]]"
53,Agricultura,Social,3,35,0.285714285714,13.5155110359,"[[ 0.9134493 ]
 [ 0.78768197]
 [ 0.        ]
 [ 0.        ]
 [ 0.09477928]
 [ 0.        ]
 [ 0.01036262]
 [ 0.        ]
 [ 0.        ]
 [ 0.        ]
 [ 0.71851955]
 [ 0.86100507]
 [ 0.88365359]
 [ 0.80207893]
 [ 0.81807419]
 [ 0.97179607]
 [ 0.91509469]
 [ 0.92611816]
 [ 0.94221986]
 [ 0.8104364 ]
 [ 0.        ]
 [ 0.93882979]
 [ 0.65252084]
 [ 0.58620666]
 [ 0.98035929]
 [ 0.99863958]
 [ 0.65362602]
 [ 0.7559861 ]
 [ 0.41902932]
 [ 0.84563551]
 [ 0.64112811]
 [ 0.54115754]
 [ 0.83401071]
 [ 0.96976103]
 [ 0.94173018]]"
54,Agricultura,Trabajo,1,130,0.204724409449,35.8254880905,"[[ 0.        ]
 [ 0.        ]
 [ 0.        ]
 [ 0.46629836]
 [ 0.        ]
 [ 0.        ]
 [ 0.86950724]
 [ 0.        ]
 [ 0.70369012]
 [ 0.54937592]
 [ 0.        ]
 [ 0.28302789]
 [ 0.63306308]
 [ 0.97167748]
 [ 0.78985401]
 [ 0.59349588]
 [ 0.17919166]
 [ 0.10348867]
 [ 0.16970881]
 [ 0.17542033]
 [ 0.        ]
 [ 0.        ]
 [ 0.        ]
 [ 0.        ]
 [ 0.92781696]
 [ 0.34630836]
 [ 0.0445149 ]
 [ 0.        ]
 [ 0.55280929]
 [ 0.        ]
 [ 0.        ]
 [ 0.        ]
 [ 0.        ]
 [ 0.73270529]
 [ 0.92354297]
 [ 0.70245027]
 [ 0.45654421]
 [ 0.29690951]
 [ 0.09421991]
 [ 0.41297441]
 [ 0.83457105]
 [ 0.50415771]
 [ 0.96224472]
 [ 0.75465731]
 [ 0.60884211]
 [ 0.84273806]
 [ 0.79307768]
 [ 0.94069027]
 [ 0.86057046]
 [ 0.8221046 ]
 [ 0.79841354]
 [ 0.85897325]
 [ 0.62863059]
 [ 0.86949991]
 [ 0.90911159]
 [ 0.88254667]
 [ 0.72870516]
 [ 0.94894094]
 [ 0.99998978]
 [ 0.95206093]
 [ 0.83363102]
 [ 0.95816097]
 [ 0.86490205]
 [ 0.97823675]
 [ 0.78353733]
 [ 0.91000877]
 [ 0.84630196]
 [ 0.87336939]
 [ 0.88321914]
 [ 0.93356836]
 [ 0.93059243]
 [ 0.65379311]
 [ 0.90098562]
 [ 0.93819957]
 [ 0.79342373]
 [ 0.93270136]
 [ 0.02657699]
 [ 0.43265427]
 [ 0.        ]
 [ 0.26127793]
 [ 0.54500156]
 [ 0.26287296]
 [ 0.15211915]
 [ 0.4221035 ]
 [ 0.51873086]
 [ 0.79601205]
 [ 0.90097403]
 [ 0.55689599]
 [ 0.        ]
 [ 0.5331575 ]
 [ 0.42514404]
 [ 0.53426718]
 [ 0.41341782]
 [ 0.69256469]
 [ 0.9903277 ]
 [ 0.86545734]
 [ 0.91312269]
 [ 0.97850195]
 [ 0.9003735 ]
 [ 0.93146818]
 [ 0.51140542]
 [ 0.10442386]
 [ 0.55796072]
 [ 0.        ]
 [ 0.16589433]
 [ 0.        ]
 [ 0.10301952]
 [ 0.67097159]
 [ 0.02115071]
 [ 0.28687601]
 [ 0.42236177]
 [ 0.20928164]
 [ 0.72639609]
 [ 0.67252363]
 [ 0.90248866]
 [ 0.76208838]
 [ 0.61752872]
 [ 0.62598016]
 [ 0.83136647]
 [ 0.72149827]
 [ 0.59571004]
 [ 0.70104175]
 [ 0.6575572 ]
 [ 0.81488654]
 [ 0.72781595]
 [ 0.91407592]
 [ 0.95148099]]"
55,Agricultura,Trabajo,2,130,0.165354330709,38.0061070919,"[[  0.00000000e+00]
 [  0.00000000e+00]
 [  0.00000000e+00]
 [  2.03600031e-01]
 [  0.00000000e+00]
 [  0.00000000e+00]
 [  7.70576252e-01]
 [  9.17018426e-01]
 [  3.45529767e-01]
 [  3.02316162e-01]
 [  3.42044909e-01]
 [  2.29377053e-01]
 [  8.10338636e-01]
 [  9.58201128e-01]
 [  6.55427387e-01]
 [  0.00000000e+00]
 [  2.14189539e-01]
 [  0.00000000e+00]
 [  0.00000000e+00]
 [  0.00000000e+00]
 [  0.00000000e+00]
 [  1.34262962e-01]
 [  0.00000000e+00]
 [  0.00000000e+00]
 [  1.58699332e-01]
 [  0.00000000e+00]
 [  0.00000000e+00]
 [  1.65039901e-01]
 [  1.66027986e-01]
 [  1.10136664e-01]
 [  0.00000000e+00]
 [  7.23874095e-04]
 [  0.00000000e+00]
 [  3.82952096e-01]
 [  8.34952710e-01]
 [  4.94967914e-01]
 [  2.36967666e-01]
 [  8.95355966e-01]
 [  5.35994155e-01]
 [  1.77023310e-01]
 [  7.26736718e-01]
 [  3.61336232e-01]
 [  8.59310984e-01]
 [  9.23013719e-01]
 [  9.01500107e-01]
 [  7.78873920e-01]
 [  7.71965819e-01]
 [  8.47977834e-01]
 [  9.53209991e-01]
 [  9.24338651e-01]
 [  7.68549258e-01]
 [  7.67336141e-01]
 [  6.31302171e-01]
 [  9.68050289e-01]
 [  7.75203037e-01]
 [  9.11426024e-01]
 [  9.16855532e-01]
 [  8.63845055e-01]
 [  9.81860716e-01]
 [  4.00628423e-01]
 [  9.81325654e-01]
 [  9.08816930e-01]
 [  8.33218338e-01]
 [  7.60284087e-01]
 [  8.88506531e-01]
 [  8.33996966e-01]
 [  8.13667485e-01]
 [  9.17422383e-01]
 [  8.49216688e-01]
 [  8.40012861e-01]
 [  8.93077351e-01]
 [  9.24132570e-01]
 [  9.50766896e-01]
 [  8.61755022e-01]
 [  3.58838128e-01]
 [  9.03713130e-01]
 [  7.02233319e-01]
 [  3.24231388e-01]
 [  5.73887479e-01]
 [  6.14635527e-01]
 [  9.86351814e-02]
 [  1.08230221e-01]
 [  2.69543354e-01]
 [  6.70564219e-01]
 [  2.49579138e-01]
 [  9.88687733e-01]
 [  3.08419283e-01]
 [  4.36193210e-01]
 [  6.63916501e-01]
 [  7.31822364e-01]
 [  0.00000000e+00]
 [  3.83736687e-01]
 [  7.51180487e-01]
 [  4.94464285e-01]
 [  9.00697643e-01]
 [  8.02221844e-01]
 [  9.37572597e-01]
 [  7.50711332e-01]
 [  9.43929538e-01]
 [  8.41265329e-01]
 [  4.90823351e-01]
 [  0.00000000e+00]
 [  0.00000000e+00]
 [  7.76391480e-02]
 [  0.00000000e+00]
 [  1.12792917e-01]
 [  0.00000000e+00]
 [  1.02713568e-01]
 [  1.99227256e-01]
 [  5.08627248e-01]
 [  0.00000000e+00]
 [  3.72079462e-01]
 [  7.26579709e-01]
 [  8.52635092e-01]
 [  9.46108435e-01]
 [  6.03932703e-01]
 [  7.84208617e-01]
 [  6.40504572e-01]
 [  6.35909157e-01]
 [  6.55157209e-01]
 [  8.17038719e-01]
 [  7.64598430e-01]
 [  5.60406462e-01]
 [  2.92378209e-01]
 [  8.31160593e-01]
 [  6.75268144e-01]
 [  7.88054165e-01]]"
56,Agricultura,Trabajo,3,130,0.11811023622,41.4466059208,"[[ 0.60186591]
 [ 0.16814023]
 [ 0.07637943]
 [ 0.        ]
 [ 0.12566266]
 [ 0.        ]
 [ 0.77019933]
 [ 0.91578859]
 [ 0.8558014 ]
 [ 0.        ]
 [ 0.4925649 ]
 [ 0.76008741]
 [ 0.43495451]
 [ 0.        ]
 [ 0.78095718]
 [ 0.        ]
 [ 0.58259975]
 [ 0.6186208 ]
 [ 0.        ]
 [ 0.        ]
 [ 0.13659673]
 [ 0.14910717]
 [ 0.12552428]
 [ 0.55265116]
 [ 0.        ]
 [ 0.08922757]
 [ 0.27155968]
 [ 0.        ]
 [ 0.25718624]
 [ 0.        ]
 [ 0.32709485]
 [ 0.        ]
 [ 0.        ]
 [ 0.86324416]
 [ 0.73303658]
 [ 0.69940046]
 [ 0.25917308]
 [ 0.61636603]
 [ 0.        ]
 [ 0.22936398]
 [ 0.80952667]
 [ 0.88834735]
 [ 0.87474567]
 [ 0.60720977]
 [ 0.84611458]
 [ 0.92994249]
 [ 0.78398378]
 [ 0.75398438]
 [ 0.82405487]
 [ 0.952825  ]
 [ 0.90046802]
 [ 0.92449075]
 [ 0.86180902]
 [ 0.92903039]
 [ 0.66431059]
 [ 0.73595032]
 [ 0.35442544]
 [ 0.99411603]
 [ 0.97746584]
 [ 0.29626217]
 [ 0.57267335]
 [ 0.96297291]
 [ 0.79649952]
 [ 0.78991503]
 [ 0.68436638]
 [ 0.89292815]
 [ 0.73115808]
 [ 0.86959697]
 [ 0.74672908]
 [ 0.52793755]
 [ 0.82774358]
 [ 0.78578433]
 [ 0.84419591]
 [ 0.94289368]
 [ 0.63835141]
 [ 0.94171388]
 [ 0.21001454]
 [ 0.25821443]
 [ 0.50173615]
 [ 0.29756042]
 [ 0.51881873]
 [ 0.34213499]
 [ 0.81616715]
 [ 0.72182556]
 [ 0.30156028]
 [ 0.8040867 ]
 [ 0.6771346 ]
 [ 0.59858369]
 [ 0.42911987]
 [ 0.13431975]
 [ 0.45848516]
 [ 0.76584283]
 [ 0.29649812]
 [ 0.03756719]
 [ 0.86873484]
 [ 0.85884094]
 [ 0.91377649]
 [ 0.92767455]
 [ 0.84285321]
 [ 0.74829732]
 [ 0.95177501]
 [ 0.745548  ]
 [ 0.06422398]
 [ 0.07196912]
 [ 0.        ]
 [ 0.4257763 ]
 [ 0.48659529]
 [ 0.26782528]
 [ 0.23747063]
 [ 0.29749444]
 [ 0.31568056]
 [ 0.13844895]
 [ 0.7691439 ]
 [ 0.88135561]
 [ 0.87602714]
 [ 0.45117767]
 [ 0.73370653]
 [ 0.67218296]
 [ 0.81522845]
 [ 0.34265075]
 [ 0.53406969]
 [ 0.73487335]
 [ 0.94472281]
 [ 0.77868435]
 [ 0.74234655]
 [ 0.81264381]
 [ 0.84079222]]"
57,Agricultura,Urbano,1,24,0.611111111111,4.82558202744,"[[ 0.25847038]
 [ 0.        ]
 [ 0.97214273]
 [ 0.97446596]
 [ 0.77375642]
 [ 0.59530588]
 [ 0.91794598]
 [ 0.99121219]
 [ 0.99901361]
 [ 0.92411029]
 [ 0.99846   ]
 [ 0.99236003]
 [ 0.70721623]
 [ 0.31451908]
 [ 0.        ]
 [ 0.99473035]
 [ 0.98381227]
 [ 0.99977103]]"
58,Agricultura,Urbano,2,24,0.5,7.02838397026,"[[ 0.72456873]
 [ 0.20410221]
 [ 0.92660282]
 [ 0.82808308]
 [ 0.99983686]
 [ 0.94478293]
 [ 0.94262735]
 [ 0.99399043]
 [ 0.9953549 ]
 [ 0.93930411]
 [ 0.65934952]
 [ 0.90379973]
 [ 0.86434591]
 [ 0.        ]
 [ 0.39625256]
 [ 0.9816085 ]
 [ 0.89162222]
 [ 0.29026638]]"
59,Agricultura,Urbano,3,24,0.333333333333,8.84387111664,"[[ 0.60748022]
 [ 0.65865833]
 [ 0.99156829]
 [ 0.88677108]
 [ 0.4310115 ]
 [ 0.75561926]
 [ 0.63473207]
 [ 0.99164186]
 [ 0.98089047]
 [ 0.88192048]
 [ 0.76928246]
 [ 0.98994935]
 [ 0.9872503 ]
 [ 0.58430061]
 [ 0.39430087]
 [ 0.90535629]
 [ 0.42534821]
 [ 0.73366972]]"
